url,slug,marca,gama,subcategoria
https://inkeedecoder.com/products/benefit-benetint-liquid-lip-cheek-stain,benefit-benetint-liquid-lip-cheek-stain,benefit,alta,liquido
https://inkeedecoder.com/products/benefit-cosmetics-floratint-cheek-and-lip-stain,benefit-cosmetics-floratint-cheek-and-lip-stain,benefit,alta,liquido
https://inkeedecoder.com/products/benefit-hangover-pillow-balm-lip-treatment,benefit-hangover-pillow-balm-lip-treatment,benefit,alta,balsamo
https://inkeedecoder.com/products/benefit-posietint-cheek-lip-stain,benefit-posietint-cheek-lip-stain,benefit,alta,liquido
https://inkeedecoder.com/products/catrice-better-than-fake-lips-volume-gloss-020-dazzling-apricot,catrice-better-than-fake-lips-volume-gloss-020-dazzling-apricot,catrice,economica,gloss
https://inkeedecoder.com/products/catrice-blur-real-lip-powder-cream,catrice-blur-real-lip-powder-cream,catrice,economica,liquido
https://inkeedecoder.com/products/catrice-butter-drippin-glossy-lip-balm,catrice-butter-drippin-glossy-lip-balm,catrice,economica,balsamo
https://inkeedecoder.com/products/catrice-butter-drippin-glossy-lip-balm-03-pink-lemon-squeezin,catrice-butter-drippin-glossy-lip-balm-03-pink-lemon-squeezin,catrice,economica,balsamo
https://inkeedecoder.com/products/catrice-butter-drippin-glossy-lip-balm-030-butter-together,catrice-butter-drippin-glossy-lip-balm-030-butter-together,catrice,economica,balsamo
https://inkeedecoder.com/products/catrice-butter-drippin-glossy-lip-balm-040-bisou-bisou,catrice-butter-drippin-glossy-lip-balm-040-bisou-bisou,catrice,economica,balsamo
https://inkeedecoder.com/products/catrice-butter-drippin-glossy-lip-balm-050-cherry-delicious,catrice-butter-drippin-glossy-lip-balm-050-cherry-delicious,catrice,economica,balsamo
https://inkeedecoder.com/products/catrice-care-in-colours-lip-balm-everyday-24-7,catrice-care-in-colours-lip-balm-everyday-24-7,catrice,economica,balsamo
https://inkeedecoder.com/products/catrice-care-in-colours-lip-balm-girlboss,catrice-care-in-colours-lip-balm-girlboss,catrice,economica,balsamo
https://inkeedecoder.com/products/catrice-care-in-colours-lip-balm-half-baked-cookies,catrice-care-in-colours-lip-balm-half-baked-cookies,catrice,economica,balsamo
https://inkeedecoder.com/products/catrice-care-in-colours-lip-balm-hot-take,catrice-care-in-colours-lip-balm-hot-take,catrice,economica,balsamo
https://inkeedecoder.com/products/catrice-care-in-colours-lip-balm-wild-rebel,catrice-care-in-colours-lip-balm-wild-rebel,catrice,economica,balsamo
https://inkeedecoder.com/products/catrice-clean-id-highly-caring-lip-balm,catrice-clean-id-highly-caring-lip-balm,catrice,economica,balsamo
https://inkeedecoder.com/products/catrice-clean-id-hydra-lip-plumper-030-pink-lily,catrice-clean-id-hydra-lip-plumper-030-pink-lily,catrice,economica,gloss
https://inkeedecoder.com/products/catrice-clean-id-lip-oil,catrice-clean-id-lip-oil,catrice,economica,gloss
https://inkeedecoder.com/products/catrice-clean-id-plumping-care-lip-oil,catrice-clean-id-plumping-care-lip-oil,catrice,economica,gloss
https://inkeedecoder.com/products/catrice-clean-id-protecting-lip-serum,catrice-clean-id-protecting-lip-serum,catrice,economica,sin_clasificar
https://inkeedecoder.com/products/catrice-clean-id-silk-intense-lipstick,catrice-clean-id-silk-intense-lipstick,catrice,economica,barra
https://inkeedecoder.com/products/catrice-colour-cushion-juicy-lip-oil,catrice-colour-cushion-juicy-lip-oil,catrice,economica,gloss
https://inkeedecoder.com/products/catrice-cosmetics-care-in-colours-lip-balm,catrice-cosmetics-care-in-colours-lip-balm,catrice,economica,balsamo
https://inkeedecoder.com/products/catrice-cosmetics-lip-cushion,catrice-cosmetics-lip-cushion,catrice,economica,sin_clasificar
https://inkeedecoder.com/products/catrice-cosmetics-tinted-lip-glow-balm,catrice-cosmetics-tinted-lip-glow-balm,catrice,economica,balsamo
https://inkeedecoder.com/products/catrice-creamy-nudes-lip-pen,catrice-creamy-nudes-lip-pen,catrice,economica,sin_clasificar
https://inkeedecoder.com/products/catrice-demi-matt-lipstick-020,catrice-demi-matt-lipstick-020,catrice,economica,barra
https://inkeedecoder.com/products/catrice-diamond-glaze-lip-gloss,catrice-diamond-glaze-lip-gloss,catrice,economica,gloss
https://inkeedecoder.com/products/catrice-diamond-glaze-lip-gloss-020-poppin-glitters,catrice-diamond-glaze-lip-gloss-020-poppin-glitters,catrice,economica,gloss
https://inkeedecoder.com/products/catrice-diamond-glaze-lip-gloss-030-less-bitter-more-glitter,catrice-diamond-glaze-lip-gloss-030-less-bitter-more-glitter,catrice,economica,gloss
https://inkeedecoder.com/products/catrice-diamond-glaze-lip-gloss-040-diamonds-made-me-do-it,catrice-diamond-glaze-lip-gloss-040-diamonds-made-me-do-it,catrice,economica,gloss
https://inkeedecoder.com/products/catrice-disney-winnie-the-pooh-lip-oil,catrice-disney-winnie-the-pooh-lip-oil,catrice,economica,gloss
https://inkeedecoder.com/products/catrice-drunkn-diamonds-plumping-lip-balm-010-guilty-treasure,catrice-drunkn-diamonds-plumping-lip-balm-010-guilty-treasure,catrice,economica,gloss
https://inkeedecoder.com/products/catrice-drunkn-diamonds-plumping-lip-balm-020,catrice-drunkn-diamonds-plumping-lip-balm-020,catrice,economica,gloss
https://inkeedecoder.com/products/catrice-drunkn-diamonds-plumping-lip-balm-040-a-girls-best-friend,catrice-drunkn-diamonds-plumping-lip-balm-040-a-girls-best-friend,catrice,economica,gloss
https://inkeedecoder.com/products/catrice-drunkn-diamonds-plumping-lip-balm-050-bury-me-in-rubies,catrice-drunkn-diamonds-plumping-lip-balm-050-bury-me-in-rubies,catrice,economica,gloss
https://inkeedecoder.com/products/catrice-drunkn-diamonds-plumping-lip-balm-060-drunk-in-love,catrice-drunkn-diamonds-plumping-lip-balm-060-drunk-in-love,catrice,economica,gloss
https://inkeedecoder.com/products/catrice-endless-matte-liquid-lipstick,catrice-endless-matte-liquid-lipstick,catrice,economica,liquido
https://inkeedecoder.com/products/catrice-filler-supreme-lip-gloss,catrice-filler-supreme-lip-gloss,catrice,economica,gloss
https://inkeedecoder.com/products/catrice-flower-herb-edition-power-plumping-gel-lipstick,catrice-flower-herb-edition-power-plumping-gel-lipstick,catrice,economica,gloss
https://inkeedecoder.com/products/catrice-full-satin-lipstick,catrice-full-satin-lipstick,catrice,economica,barra
https://inkeedecoder.com/products/catrice-gel-glide-long-lasting-lip-liner,catrice-gel-glide-long-lasting-lip-liner,catrice,economica,delineador
https://inkeedecoder.com/products/catrice-glam-in-gold-glow-lip-balm,catrice-glam-in-gold-glow-lip-balm,catrice,economica,balsamo
https://inkeedecoder.com/products/catrice-glass-like-dewy-lip-tint,catrice-glass-like-dewy-lip-tint,catrice,economica,liquido
https://inkeedecoder.com/products/catrice-glass-like-dewy-lip-tint-020-look-at-me,catrice-glass-like-dewy-lip-tint-020-look-at-me,catrice,economica,liquido
https://inkeedecoder.com/products/catrice-glitter-glam-glow-lip-balm,catrice-glitter-glam-glow-lip-balm,catrice,economica,balsamo
https://inkeedecoder.com/products/catrice-gloss-obsessed-lip-glaze,catrice-gloss-obsessed-lip-glaze,catrice,economica,gloss
https://inkeedecoder.com/products/catrice-glossin-glow-tinted-lip-oil-020-drama-mama,catrice-glossin-glow-tinted-lip-oil-020-drama-mama,catrice,economica,gloss
https://inkeedecoder.com/products/catrice-glossin-glow-tinted-lip-oil-040-gossip-girl,catrice-glossin-glow-tinted-lip-oil-040-gossip-girl,catrice,economica,gloss
https://inkeedecoder.com/products/catrice-glossin-glow-tinted-lip-oil-050-spill-the-tea,catrice-glossin-glow-tinted-lip-oil-050-spill-the-tea,catrice,economica,gloss
https://inkeedecoder.com/products/catrice-glossin-glow-tinted-lip-oil-060-party-crasher,catrice-glossin-glow-tinted-lip-oil-060-party-crasher,catrice,economica,gloss
https://inkeedecoder.com/products/catrice-glossin-glow-tinted-lip-oil-070-make-a-move,catrice-glossin-glow-tinted-lip-oil-070-make-a-move,catrice,economica,gloss
https://inkeedecoder.com/products/catrice-glossin-glow-tinted-lip-oil-keep-it-juicy,catrice-glossin-glow-tinted-lip-oil-keep-it-juicy,catrice,economica,gloss
https://inkeedecoder.com/products/catrice-heart-affair-full-shine-lipstick-heartbreaker,catrice-heart-affair-full-shine-lipstick-heartbreaker,catrice,economica,gloss
https://inkeedecoder.com/products/catrice-heart-affair-full-shine-lipstick-in-a-heartbeat,catrice-heart-affair-full-shine-lipstick-in-a-heartbeat,catrice,economica,gloss
https://inkeedecoder.com/products/catrice-hemp-mint-glow-lip-balm,catrice-hemp-mint-glow-lip-balm,catrice,economica,balsamo
https://inkeedecoder.com/products/catrice-holiday-lips-caring-lip-balm-spf-25-balmy-breeze,catrice-holiday-lips-caring-lip-balm-spf-25-balmy-breeze,catrice,economica,balsamo
https://inkeedecoder.com/products/catrice-holiday-lips-caring-lip-balm-spf-25-sheer-sunset,catrice-holiday-lips-caring-lip-balm-spf-25-sheer-sunset,catrice,economica,balsamo
https://inkeedecoder.com/products/catrice-holiday-lips-caring-lip-balm-spf-25-summer-nights,catrice-holiday-lips-caring-lip-balm-spf-25-summer-nights,catrice,economica,balsamo
https://inkeedecoder.com/products/catrice-holiday-lips-caring-lip-balm-spf-25-tropic-feels,catrice-holiday-lips-caring-lip-balm-spf-25-tropic-feels,catrice,economica,balsamo
https://inkeedecoder.com/products/catrice-lip-coconut-balm,catrice-lip-coconut-balm,catrice,economica,balsamo
https://inkeedecoder.com/products/catrice-lip-cushion-protecting-multi-balm-coffee-cocoa,catrice-lip-cushion-protecting-multi-balm-coffee-cocoa,catrice,economica,balsamo
https://inkeedecoder.com/products/catrice-lip-jam-hydrating-lip-gloss-010-you-are-one-in-a-melon,catrice-lip-jam-hydrating-lip-gloss-010-you-are-one-in-a-melon,catrice,economica,gloss
https://inkeedecoder.com/products/catrice-lip-jam-hydrating-lip-gloss-020-strawrr-berry,catrice-lip-jam-hydrating-lip-gloss-020-strawrr-berry,catrice,economica,gloss
https://inkeedecoder.com/products/catrice-lip-jam-hydrating-lip-gloss-030-a-little-peach-of-heaven,catrice-lip-jam-hydrating-lip-gloss-030-a-little-peach-of-heaven,catrice,economica,gloss
https://inkeedecoder.com/products/catrice-lip-jam-hydrating-lip-gloss-040-i-like-you-berry-much,catrice-lip-jam-hydrating-lip-gloss-040-i-like-you-berry-much,catrice,economica,gloss
https://inkeedecoder.com/products/catrice-lip-jam-hydrating-lip-gloss-050-it-was-mint-to-be,catrice-lip-jam-hydrating-lip-gloss-050-it-was-mint-to-be,catrice,economica,gloss
https://inkeedecoder.com/products/catrice-lip-jam-hydrating-lip-gloss-070-cherry-on-top,catrice-lip-jam-hydrating-lip-gloss-070-cherry-on-top,catrice,economica,gloss
https://inkeedecoder.com/products/catrice-lip-jam-hydrating-lip-gloss-honey-im-home,catrice-lip-jam-hydrating-lip-gloss-honey-im-home,catrice,economica,gloss
https://inkeedecoder.com/products/catrice-lip-lovin-caring-lip-serum,catrice-lip-lovin-caring-lip-serum,catrice,economica,sin_clasificar
https://inkeedecoder.com/products/catrice-lip-super-serum,catrice-lip-super-serum,catrice,economica,sin_clasificar
https://inkeedecoder.com/products/catrice-lip-super-serum-2,catrice-lip-super-serum-2,catrice,economica,sin_clasificar
https://inkeedecoder.com/products/catrice-marble-licious-liquid-lip-balm-010,catrice-marble-licious-liquid-lip-balm-010,catrice,economica,liquido
https://inkeedecoder.com/products/catrice-matt-pro-ink-non-transfer-liquid-lipstick,catrice-matt-pro-ink-non-transfer-liquid-lipstick,catrice,economica,liquido
https://inkeedecoder.com/products/catrice-mattlover-lipstick-pen,catrice-mattlover-lipstick-pen,catrice,economica,barra
https://inkeedecoder.com/products/catrice-max-it-up-lip-booster-extreme-glowy-plumper,catrice-max-it-up-lip-booster-extreme-glowy-plumper,catrice,economica,gloss
https://inkeedecoder.com/products/catrice-max-it-up-lip-booster-extreme-holo-plumper,catrice-max-it-up-lip-booster-extreme-holo-plumper,catrice,economica,gloss
https://inkeedecoder.com/products/catrice-max-it-up-lip-booster-extreme-hot-plumper,catrice-max-it-up-lip-booster-extreme-hot-plumper,catrice,economica,gloss
https://inkeedecoder.com/products/catrice-max-it-up-lip-booster-extreme-icy-plumper,catrice-max-it-up-lip-booster-extreme-icy-plumper,catrice,economica,gloss
https://inkeedecoder.com/products/catrice-max-it-up-lip-booster-extreme-pearl-plumper,catrice-max-it-up-lip-booster-extreme-pearl-plumper,catrice,economica,gloss
https://inkeedecoder.com/products/catrice-max-it-up-lip-booster-extreme-spicy-plumper,catrice-max-it-up-lip-booster-extreme-spicy-plumper,catrice,economica,gloss
https://inkeedecoder.com/products/catrice-melt-plump-juicy-lip-plumper,catrice-melt-plump-juicy-lip-plumper,catrice,economica,gloss
https://inkeedecoder.com/products/catrice-melt-plump-juicy-lip-plumper-010-more-amore,catrice-melt-plump-juicy-lip-plumper-010-more-amore,catrice,economica,gloss
https://inkeedecoder.com/products/catrice-melt-plump-juicy-lip-plumper-020-hyp-nude-tized,catrice-melt-plump-juicy-lip-plumper-020-hyp-nude-tized,catrice,economica,gloss
https://inkeedecoder.com/products/catrice-melt-plump-juicy-lip-plumper-040-call-nine-wine-wine,catrice-melt-plump-juicy-lip-plumper-040-call-nine-wine-wine,catrice,economica,gloss
https://inkeedecoder.com/products/catrice-melt-plump-juicy-lip-plumper-2,catrice-melt-plump-juicy-lip-plumper-2,catrice,economica,gloss
https://inkeedecoder.com/products/catrice-melt-shine-juicy-lip-balm,catrice-melt-shine-juicy-lip-balm,catrice,economica,gloss
https://inkeedecoder.com/products/catrice-melt-shine-juicy-lip-balm-010-shell-yeah,catrice-melt-shine-juicy-lip-balm-010-shell-yeah,catrice,economica,gloss
https://inkeedecoder.com/products/catrice-melt-shine-juicy-lip-balm-040-everyday-is-sun-day,catrice-melt-shine-juicy-lip-balm-040-everyday-is-sun-day,catrice,economica,gloss
https://inkeedecoder.com/products/catrice-melt-shine-juicy-lip-balm-050-resting-beach-face,catrice-melt-shine-juicy-lip-balm-050-resting-beach-face,catrice,economica,gloss
https://inkeedecoder.com/products/catrice-melt-shine-juicy-lip-balm-060-malibu-barbie,catrice-melt-shine-juicy-lip-balm-060-malibu-barbie,catrice,economica,gloss
https://inkeedecoder.com/products/catrice-melt-shine-juicy-lip-balm-070-pink-hawaii,catrice-melt-shine-juicy-lip-balm-070-pink-hawaii,catrice,economica,gloss
https://inkeedecoder.com/products/catrice-melt-shine-juicy-lip-balm-080-lost-at-sea,catrice-melt-shine-juicy-lip-balm-080-lost-at-sea,catrice,economica,gloss
https://inkeedecoder.com/products/catrice-melt-shine-juicy-lip-balm-100-sunny-side-up,catrice-melt-shine-juicy-lip-balm-100-sunny-side-up,catrice,economica,gloss
https://inkeedecoder.com/products/catrice-melt-shine-juicy-lip-balm-110-flaming-hearts,catrice-melt-shine-juicy-lip-balm-110-flaming-hearts,catrice,economica,gloss
https://inkeedecoder.com/products/catrice-metaface-lip-glaze,catrice-metaface-lip-glaze,catrice,economica,sin_clasificar
https://inkeedecoder.com/products/catrice-peptide-bliss-glossy-lip-balm,catrice-peptide-bliss-glossy-lip-balm,catrice,economica,balsamo
https://inkeedecoder.com/products/catrice-perfect-morning-beauty-aid-protecting-lip-balm,catrice-perfect-morning-beauty-aid-protecting-lip-balm,catrice,economica,balsamo
https://inkeedecoder.com/products/catrice-plump-blur-lip-treatment-010,catrice-plump-blur-lip-treatment-010,catrice,economica,balsamo
https://inkeedecoder.com/products/catrice-plump-it-up-lip-booster-010,catrice-plump-it-up-lip-booster-010,catrice,economica,sin_clasificar
https://inkeedecoder.com/products/catrice-plump-it-up-lip-booster-illusion-of-perfection,catrice-plump-it-up-lip-booster-illusion-of-perfection,catrice,economica,sin_clasificar
https://inkeedecoder.com/products/catrice-plump-it-up-lip-booster-no-fake-love,catrice-plump-it-up-lip-booster-no-fake-love,catrice,economica,sin_clasificar
https://inkeedecoder.com/products/catrice-plump-it-up-lip-booster-poppin-champagne,catrice-plump-it-up-lip-booster-poppin-champagne,catrice,economica,sin_clasificar
https://inkeedecoder.com/products/catrice-plump-it-up-lip-booster-selflove-amd-glitter,catrice-plump-it-up-lip-booster-selflove-amd-glitter,catrice,economica,sin_clasificar
https://inkeedecoder.com/products/catrice-plump-it-up-lip-booster-work-it-twerk-it,catrice-plump-it-up-lip-booster-work-it-twerk-it,catrice,economica,sin_clasificar
https://inkeedecoder.com/products/catrice-plumping-lip-liner,catrice-plumping-lip-liner,catrice,economica,delineador
https://inkeedecoder.com/products/catrice-plumping-lip-liner-2,catrice-plumping-lip-liner-2,catrice,economica,delineador
https://inkeedecoder.com/products/catrice-power-full-5-glossy-lip-oil-020-cherry-blossom-glow,catrice-power-full-5-glossy-lip-oil-020-cherry-blossom-glow,catrice,economica,gloss
https://inkeedecoder.com/products/catrice-power-full-5-lip-care,catrice-power-full-5-lip-care,catrice,economica,sin_clasificar
https://inkeedecoder.com/products/catrice-power-full-5-liquid-lip-balm,catrice-power-full-5-liquid-lip-balm,catrice,economica,liquido
https://inkeedecoder.com/products/catrice-secret-garden-lip-oil-c01-lips-dont-lie,catrice-secret-garden-lip-oil-c01-lips-dont-lie,catrice,economica,gloss
https://inkeedecoder.com/products/catrice-secret-garden-lip-oil-c02-true-bloom,catrice-secret-garden-lip-oil-c02-true-bloom,catrice,economica,gloss
https://inkeedecoder.com/products/catrice-secret-garden-lip-oil-c03-secret-kiss,catrice-secret-garden-lip-oil-c03-secret-kiss,catrice,economica,gloss
https://inkeedecoder.com/products/catrice-secret-garden-matte-lipstick,catrice-secret-garden-matte-lipstick,catrice,economica,barra
https://inkeedecoder.com/products/catrice-shine-bomb-lip-lacquer-longlasting,catrice-shine-bomb-lip-lacquer-longlasting,catrice,economica,gloss
https://inkeedecoder.com/products/catrice-soft-glaze-glow-lip-balm,catrice-soft-glaze-glow-lip-balm,catrice,economica,balsamo
https://inkeedecoder.com/products/catrice-sparkle-glow-lip-balm,catrice-sparkle-glow-lip-balm,catrice,economica,balsamo
https://inkeedecoder.com/products/catrice-spring-and-the-city-glossy-nectar-lip-oil,catrice-spring-and-the-city-glossy-nectar-lip-oil,catrice,economica,gloss
https://inkeedecoder.com/products/catrice-ultimate-matt-lipstick,catrice-ultimate-matt-lipstick,catrice,economica,barra
https://inkeedecoder.com/products/catrice-ultimate-stay-waterfresh-lip-tint-030-never-let-you-down,catrice-ultimate-stay-waterfresh-lip-tint-030-never-let-you-down,catrice,economica,liquido
https://inkeedecoder.com/products/catrice-vegan-collagen-matt-lipstick,catrice-vegan-collagen-matt-lipstick,catrice,economica,barra
https://inkeedecoder.com/products/catrice-volumizing-extreme-lip-balm-010-plump-it-like-its-hot,catrice-volumizing-extreme-lip-balm-010-plump-it-like-its-hot,catrice,economica,balsamo
https://inkeedecoder.com/products/catrice-volumizing-extreme-lip-balm-020-spice-it-up,catrice-volumizing-extreme-lip-balm-020-spice-it-up,catrice,economica,balsamo
https://inkeedecoder.com/products/catrice-volumizing-extreme-lip-booster-010-hot-plumper,catrice-volumizing-extreme-lip-booster-010-hot-plumper,catrice,economica,gloss
https://inkeedecoder.com/products/catrice-volumizing-extreme-lip-booster-020-ginger-shot,catrice-volumizing-extreme-lip-booster-020-ginger-shot,catrice,economica,sin_clasificar
https://inkeedecoder.com/products/catrice-volumizing-extreme-lip-booster-030-nice-bonbon,catrice-volumizing-extreme-lip-booster-030-nice-bonbon,catrice,economica,sin_clasificar
https://inkeedecoder.com/products/catrice-volumizing-extreme-lip-booster-040-trick-or-treat,catrice-volumizing-extreme-lip-booster-040-trick-or-treat,catrice,economica,sin_clasificar
https://inkeedecoder.com/products/catrice-volumizing-tint-glow-lip-balm,catrice-volumizing-tint-glow-lip-balm,catrice,economica,liquido
https://inkeedecoder.com/products/catrice-watermelon-shine-glow-lip-balm,catrice-watermelon-shine-glow-lip-balm,catrice,economica,gloss
https://inkeedecoder.com/products/catrice-wild-hibiscus-glow-lip-balm,catrice-wild-hibiscus-glow-lip-balm,catrice,economica,balsamo
https://inkeedecoder.com/products/catrice-youth-lip-serum,catrice-youth-lip-serum,catrice,economica,sin_clasificar
https://inkeedecoder.com/products/charlotte-tilbury-big-lip-plumpgasm,charlotte-tilbury-big-lip-plumpgasm,charlotte-tilbury,alta,sin_clasificar
https://inkeedecoder.com/products/charlotte-tilbury-collagen-lip-bath-gloss,charlotte-tilbury-collagen-lip-bath-gloss,charlotte-tilbury,alta,gloss
https://inkeedecoder.com/products/charlotte-tilbury-easy-lip-cheek-wand,charlotte-tilbury-easy-lip-cheek-wand,charlotte-tilbury,alta,sin_clasificar
https://inkeedecoder.com/products/charlotte-tilbury-glowgasm-lips,charlotte-tilbury-glowgasm-lips,charlotte-tilbury,alta,sin_clasificar
https://inkeedecoder.com/products/charlotte-tilbury-hyaluronic-happikiss-lipstick-balm,charlotte-tilbury-hyaluronic-happikiss-lipstick-balm,charlotte-tilbury,alta,balsamo
https://inkeedecoder.com/products/charlotte-tilbury-jewel-lips,charlotte-tilbury-jewel-lips,charlotte-tilbury,alta,sin_clasificar
https://inkeedecoder.com/products/charlotte-tilbury-k-i-s-s-i-n-g-lipstick,charlotte-tilbury-k-i-s-s-i-n-g-lipstick,charlotte-tilbury,alta,barra
https://inkeedecoder.com/products/charlotte-tilbury-lip-cheat-contour-duo,charlotte-tilbury-lip-cheat-contour-duo,charlotte-tilbury,alta,delineador
https://inkeedecoder.com/products/charlotte-tilbury-lip-cheat-liner,charlotte-tilbury-lip-cheat-liner,charlotte-tilbury,alta,delineador
https://inkeedecoder.com/products/charlotte-tilbury-lip-cheat-lip-liner,charlotte-tilbury-lip-cheat-lip-liner,charlotte-tilbury,alta,delineador
https://inkeedecoder.com/products/charlotte-tilbury-lip-lustre,charlotte-tilbury-lip-lustre,charlotte-tilbury,alta,sin_clasificar
https://inkeedecoder.com/products/charlotte-tilbury-magic-lip-oil,charlotte-tilbury-magic-lip-oil,charlotte-tilbury,alta,gloss
https://inkeedecoder.com/products/charlotte-tilbury-matte-revolution-lipstick,charlotte-tilbury-matte-revolution-lipstick,charlotte-tilbury,alta,barra
https://inkeedecoder.com/products/charlotte-tilbury-matte-revolution-lipsticks,charlotte-tilbury-matte-revolution-lipsticks,charlotte-tilbury,alta,barra
https://inkeedecoder.com/products/charlotte-tilbury-pillow-talk-big-lip-plumpgasm,charlotte-tilbury-pillow-talk-big-lip-plumpgasm,charlotte-tilbury,alta,sin_clasificar
https://inkeedecoder.com/products/charlotte-tilbury-pillow-talk-lip-and-cheek-glow,charlotte-tilbury-pillow-talk-lip-and-cheek-glow,charlotte-tilbury,alta,sin_clasificar
https://inkeedecoder.com/products/charlotte-tilbury-pillow-talk-love-effect-lipstick-k-i-s-s-i-n-g-naughty-talk,charlotte-tilbury-pillow-talk-love-effect-lipstick-k-i-s-s-i-n-g-naughty-talk,charlotte-tilbury,alta,barra
https://inkeedecoder.com/products/charlotte-tilbury-superstar-lips,charlotte-tilbury-superstar-lips,charlotte-tilbury,alta,sin_clasificar
https://inkeedecoder.com/products/charlotte-tilbury-unreal-lip-cheek-glow-blush-stick-with-hyaluronic-acid,charlotte-tilbury-unreal-lip-cheek-glow-blush-stick-with-hyaluronic-acid,charlotte-tilbury,alta,sin_clasificar
https://inkeedecoder.com/products/dior-addict-hydrating-shine-lipstick,dior-addict-hydrating-shine-lipstick,dior,alta,gloss
https://inkeedecoder.com/products/dior-addict-lip-glow,dior-addict-lip-glow,dior,alta,sin_clasificar
https://inkeedecoder.com/products/dior-addict-lip-maximizer,dior-addict-lip-maximizer,dior,alta,sin_clasificar
https://inkeedecoder.com/products/dior-addict-lip-maximizer-discontinued,dior-addict-lip-maximizer-discontinued,dior,alta,sin_clasificar
https://inkeedecoder.com/products/dior-addict-lip-maximizer-serum,dior-addict-lip-maximizer-serum,dior,alta,sin_clasificar
https://inkeedecoder.com/products/dior-addict-lip-tattoo-771-natural-berry,dior-addict-lip-tattoo-771-natural-berry,dior,alta,sin_clasificar
https://inkeedecoder.com/products/dior-addict-lip-tint,dior-addict-lip-tint,dior,alta,liquido
https://inkeedecoder.com/products/dior-addict-lipstick-720,dior-addict-lipstick-720,dior,alta,barra
https://inkeedecoder.com/products/dior-addict-stellar-shine-lipstick,dior-addict-stellar-shine-lipstick,dior,alta,gloss
https://inkeedecoder.com/products/dior-dior-addict-lip-glow-butter-105-lychee,dior-dior-addict-lip-glow-butter-105-lychee,dior,alta,balsamo
https://inkeedecoder.com/products/dior-le-baume-hands-lips-body,dior-le-baume-hands-lips-body,dior,alta,sin_clasificar
https://inkeedecoder.com/products/dior-lip-glow,dior-lip-glow,dior,alta,sin_clasificar
https://inkeedecoder.com/products/dior-lip-glow-2,dior-lip-glow-2,dior,alta,sin_clasificar
https://inkeedecoder.com/products/dior-lip-glow-butter-hydrating-gloss-balm,dior-lip-glow-butter-hydrating-gloss-balm,dior,alta,gloss
https://inkeedecoder.com/products/dior-lip-glow-oil,dior-lip-glow-oil,dior,alta,gloss
https://inkeedecoder.com/products/dior-lip-maximizer-2023,dior-lip-maximizer-2023,dior,alta,sin_clasificar
https://inkeedecoder.com/products/dior-lip-tattoo-2,dior-lip-tattoo-2,dior,alta,sin_clasificar
https://inkeedecoder.com/products/dior-lor-de-vie-eye-and-lip,dior-lor-de-vie-eye-and-lip,dior,alta,sin_clasificar
https://inkeedecoder.com/products/dior-rouge-dior-colored-lip-balm-000-diornatural-satin-finish,dior-rouge-dior-colored-lip-balm-000-diornatural-satin-finish,dior,alta,balsamo
https://inkeedecoder.com/products/dior-rouge-dior-forever-liquid-lacquer-lipstick,dior-rouge-dior-forever-liquid-lacquer-lipstick,dior,alta,gloss
https://inkeedecoder.com/products/dior-rouge-dior-lipstick,dior-rouge-dior-lipstick,dior,alta,barra
https://inkeedecoder.com/products/dior-rouge-dior-lipstick-999-satin-red,dior-rouge-dior-lipstick-999-satin-red,dior,alta,barra
https://inkeedecoder.com/products/dior-rouge-dior-ultra-rouge-lipstick,dior-rouge-dior-ultra-rouge-lipstick,dior,alta,barra
https://inkeedecoder.com/products/essence-8h-matte-comfort-lipliner,essence-8h-matte-comfort-lipliner,essence,economica,delineador
https://inkeedecoder.com/products/essence-8h-matte-liquid-lipstick,essence-8h-matte-liquid-lipstick,essence,economica,liquido
https://inkeedecoder.com/products/essence-algae-lip-oil,essence-algae-lip-oil,essence,economica,gloss
https://inkeedecoder.com/products/essence-aloha-babes-pout-lip-balm,essence-aloha-babes-pout-lip-balm,essence,economica,balsamo
https://inkeedecoder.com/products/essence-birthday-bomb-shiny-lipgloss,essence-birthday-bomb-shiny-lipgloss,essence,economica,gloss
https://inkeedecoder.com/products/essence-bloom-baby-bloom-nectar-lipgloss-01-hibis-kiss,essence-bloom-baby-bloom-nectar-lipgloss-01-hibis-kiss,essence,economica,gloss
https://inkeedecoder.com/products/essence-bloomin-bright-lip-glow-stick,essence-bloomin-bright-lip-glow-stick,essence,economica,sin_clasificar
https://inkeedecoder.com/products/essence-caring-tint-lip-balm,essence-caring-tint-lip-balm,essence,economica,liquido
https://inkeedecoder.com/products/essence-catching-clouds-swirl-lip-balm,essence-catching-clouds-swirl-lip-balm,essence,economica,balsamo
https://inkeedecoder.com/products/essence-chilly-vanilly-lip-glaze,essence-chilly-vanilly-lip-glaze,essence,economica,sin_clasificar
https://inkeedecoder.com/products/essence-colour-up-shine-on-lipstick-12-behind-the-scenes,essence-colour-up-shine-on-lipstick-12-behind-the-scenes,essence,economica,gloss
https://inkeedecoder.com/products/essence-cool-collagen-plumping-lipstick,essence-cool-collagen-plumping-lipstick,essence,economica,gloss
https://inkeedecoder.com/products/essence-cranberry-lip-oil,essence-cranberry-lip-oil,essence,economica,gloss
https://inkeedecoder.com/products/essence-cute-as-shell-lip-balm,essence-cute-as-shell-lip-balm,essence,economica,balsamo
https://inkeedecoder.com/products/essence-cute-as-shell-ph-reacting-lip-tint,essence-cute-as-shell-ph-reacting-lip-tint,essence,economica,liquido
https://inkeedecoder.com/products/essence-electric-glow-colour-changing-lip-cheek-oil,essence-electric-glow-colour-changing-lip-cheek-oil,essence,economica,gloss
https://inkeedecoder.com/products/essence-everlasting-blooms-lip-cheek-stick,essence-everlasting-blooms-lip-cheek-stick,essence,economica,sin_clasificar
https://inkeedecoder.com/products/essence-extreme-care-hydrating-glossy-lip-balm-02-soft-peach,essence-extreme-care-hydrating-glossy-lip-balm-02-soft-peach,essence,economica,balsamo
https://inkeedecoder.com/products/essence-extreme-care-hydrating-glossy-lipbalm,essence-extreme-care-hydrating-glossy-lipbalm,essence,economica,balsamo
https://inkeedecoder.com/products/essence-extreme-shine-lipgloss,essence-extreme-shine-lipgloss,essence,economica,gloss
https://inkeedecoder.com/products/essence-extreme-shine-volume-lipgloss-08,essence-extreme-shine-volume-lipgloss-08,essence,economica,gloss
https://inkeedecoder.com/products/essence-extreme-shine-volume-lipgloss-biscuit-bliss,essence-extreme-shine-volume-lipgloss-biscuit-bliss,essence,economica,gloss
https://inkeedecoder.com/products/essence-extreme-shine-volume-lipgloss-rusty-kiss,essence-extreme-shine-volume-lipgloss-rusty-kiss,essence,economica,gloss
https://inkeedecoder.com/products/essence-fruit-kiss-caring-lip-balm-in-01-raspberry-dream,essence-fruit-kiss-caring-lip-balm-in-01-raspberry-dream,essence,economica,balsamo
https://inkeedecoder.com/products/essence-fruit-kiss-caring-lip-balm-in-06-coconut-lust,essence-fruit-kiss-caring-lip-balm-in-06-coconut-lust,essence,economica,balsamo
https://inkeedecoder.com/products/essence-ginseng-lip-oil,essence-ginseng-lip-oil,essence,economica,gloss
https://inkeedecoder.com/products/essence-glossy-glaze-high-shine-lipstick-01-livin-la-vida-mocha,essence-glossy-glaze-high-shine-lipstick-01-livin-la-vida-mocha,essence,economica,gloss
https://inkeedecoder.com/products/essence-glossy-glaze-high-shine-lipstick-03-pink-things-up,essence-glossy-glaze-high-shine-lipstick-03-pink-things-up,essence,economica,gloss
https://inkeedecoder.com/products/essence-glossy-glaze-lipstick,essence-glossy-glaze-lipstick,essence,economica,barra
https://inkeedecoder.com/products/essence-glowcerin-glycerin-lip-treatment,essence-glowcerin-glycerin-lip-treatment,essence,economica,balsamo
https://inkeedecoder.com/products/essence-golden-days-ahead-lip-oil,essence-golden-days-ahead-lip-oil,essence,economica,gloss
https://inkeedecoder.com/products/essence-heart-core-fruity-lip-balm-01-crazy-cherry,essence-heart-core-fruity-lip-balm-01-crazy-cherry,essence,economica,balsamo
https://inkeedecoder.com/products/essence-heart-core-fruity-lip-balm-02-sweet-strawberry,essence-heart-core-fruity-lip-balm-02-sweet-strawberry,essence,economica,balsamo
https://inkeedecoder.com/products/essence-heart-core-fruity-lip-balm-03-wild-watermelon,essence-heart-core-fruity-lip-balm-03-wild-watermelon,essence,economica,balsamo
https://inkeedecoder.com/products/essence-heart-core-fruity-lip-balm-04-lucky-lemon,essence-heart-core-fruity-lip-balm-04-lucky-lemon,essence,economica,balsamo
https://inkeedecoder.com/products/essence-heart-core-fruity-lip-balm-05-bold-blackberry,essence-heart-core-fruity-lip-balm-05-bold-blackberry,essence,economica,balsamo
https://inkeedecoder.com/products/essence-heart-core-fruity-lip-balm-06-amazing-acai,essence-heart-core-fruity-lip-balm-06-amazing-acai,essence,economica,balsamo
https://inkeedecoder.com/products/essence-hello-kitty-caring-sheer-lipstick,essence-hello-kitty-caring-sheer-lipstick,essence,economica,barra
https://inkeedecoder.com/products/essence-holo-bomb-shiny-lipgloss,essence-holo-bomb-shiny-lipgloss,essence,economica,gloss
https://inkeedecoder.com/products/essence-hydra-kiss-lip-oil,essence-hydra-kiss-lip-oil,essence,economica,gloss
https://inkeedecoder.com/products/essence-hydra-kiss-lip-oil-classy-glassy,essence-hydra-kiss-lip-oil-classy-glassy,essence,economica,gloss
https://inkeedecoder.com/products/essence-hydra-kiss-lip-oil-honey-honey,essence-hydra-kiss-lip-oil-honey-honey,essence,economica,gloss
https://inkeedecoder.com/products/essence-hydra-kiss-lip-oil-midnight-mystery,essence-hydra-kiss-lip-oil-midnight-mystery,essence,economica,gloss
https://inkeedecoder.com/products/essence-hydra-kiss-lip-oil-pocketful-of-sunshine,essence-hydra-kiss-lip-oil-pocketful-of-sunshine,essence,economica,gloss
https://inkeedecoder.com/products/essence-hydra-matte-lipstick,essence-hydra-matte-lipstick,essence,economica,barra
https://inkeedecoder.com/products/essence-hydrating-nude-lipstick,essence-hydrating-nude-lipstick,essence,economica,barra
https://inkeedecoder.com/products/essence-juicy-berry-tinted-lip-cheek-balm,essence-juicy-berry-tinted-lip-cheek-balm,essence,economica,balsamo
https://inkeedecoder.com/products/essence-juicy-bomb-lip-oil,essence-juicy-bomb-lip-oil,essence,economica,gloss
https://inkeedecoder.com/products/essence-juicy-bomb-shiny-lipgloss-01-proud-pitaya,essence-juicy-bomb-shiny-lipgloss-01-proud-pitaya,essence,economica,gloss
https://inkeedecoder.com/products/essence-juicy-bomb-shiny-lipgloss-02-lovely-raspberry,essence-juicy-bomb-shiny-lipgloss-02-lovely-raspberry,essence,economica,gloss
https://inkeedecoder.com/products/essence-juicy-bomb-shiny-lipgloss-04-crazy-cherry,essence-juicy-bomb-shiny-lipgloss-04-crazy-cherry,essence,economica,gloss
https://inkeedecoder.com/products/essence-juicy-bomb-shiny-lipgloss-08-pretty-plum,essence-juicy-bomb-shiny-lipgloss-08-pretty-plum,essence,economica,gloss
https://inkeedecoder.com/products/essence-juicy-bomb-shiny-lipgloss-09-fresh-banana,essence-juicy-bomb-shiny-lipgloss-09-fresh-banana,essence,economica,gloss
https://inkeedecoder.com/products/essence-juicy-bomb-shiny-lipgloss-10-sweet-mint,essence-juicy-bomb-shiny-lipgloss-10-sweet-mint,essence,economica,gloss
https://inkeedecoder.com/products/essence-juicy-bomb-shiny-lipgloss-102-witty-watermelon,essence-juicy-bomb-shiny-lipgloss-102-witty-watermelon,essence,economica,gloss
https://inkeedecoder.com/products/essence-juicy-bomb-shiny-lipgloss-103-proud-papaya,essence-juicy-bomb-shiny-lipgloss-103-proud-papaya,essence,economica,gloss
https://inkeedecoder.com/products/essence-juicy-bomb-shiny-lipgloss-104-poppin-pomegranate,essence-juicy-bomb-shiny-lipgloss-104-poppin-pomegranate,essence,economica,gloss
https://inkeedecoder.com/products/essence-juicy-bomb-shiny-lipgloss-105-bouncy-bubblegum,essence-juicy-bomb-shiny-lipgloss-105-bouncy-bubblegum,essence,economica,gloss
https://inkeedecoder.com/products/essence-juicy-bomb-shiny-lipgloss-106-mellow-mango,essence-juicy-bomb-shiny-lipgloss-106-mellow-mango,essence,economica,gloss
https://inkeedecoder.com/products/essence-juicy-bomb-shiny-lipgloss-107-glowy-gummy,essence-juicy-bomb-shiny-lipgloss-107-glowy-gummy,essence,economica,gloss
https://inkeedecoder.com/products/essence-juicy-bomb-shiny-lipgloss-13-im-allergic-to-color,essence-juicy-bomb-shiny-lipgloss-13-im-allergic-to-color,essence,economica,gloss
https://inkeedecoder.com/products/essence-juicy-glow-hydrating-papaya-lip-patch,essence-juicy-glow-hydrating-papaya-lip-patch,essence,economica,sin_clasificar
https://inkeedecoder.com/products/essence-juicy-glow-juicy-bomb-lip-oil-01-coconut-crush,essence-juicy-glow-juicy-bomb-lip-oil-01-coconut-crush,essence,economica,gloss
https://inkeedecoder.com/products/essence-juicy-glow-juicy-bomb-lip-oil-02-strawberry-star,essence-juicy-glow-juicy-bomb-lip-oil-02-strawberry-star,essence,economica,gloss
https://inkeedecoder.com/products/essence-juicy-glow-juicy-bomb-lip-oil-03-mandarin-miracle,essence-juicy-glow-juicy-bomb-lip-oil-03-mandarin-miracle,essence,economica,gloss
https://inkeedecoder.com/products/essence-juicy-glow-juicy-bomb-lip-oil-04-mint-magic,essence-juicy-glow-juicy-bomb-lip-oil-04-mint-magic,essence,economica,gloss
https://inkeedecoder.com/products/essence-juicy-melon-tinted-lip-cheek-balm,essence-juicy-melon-tinted-lip-cheek-balm,essence,economica,balsamo
https://inkeedecoder.com/products/essence-kiss-on-cheeks-ph-reacting-lip-cheek-stick,essence-kiss-on-cheeks-ph-reacting-lip-cheek-stick,essence,economica,sin_clasificar
https://inkeedecoder.com/products/essence-line-n-stain-tattoo-lip-liner-01-everyones-nude-pink,essence-line-n-stain-tattoo-lip-liner-01-everyones-nude-pink,essence,economica,delineador
https://inkeedecoder.com/products/essence-line-n-stain-tattoo-lip-liner-02-must-have-brown,essence-line-n-stain-tattoo-lip-liner-02-must-have-brown,essence,economica,delineador
https://inkeedecoder.com/products/essence-lip-care-booster-caring-lip-peeling,essence-lip-care-booster-caring-lip-peeling,essence,economica,sin_clasificar
https://inkeedecoder.com/products/essence-lip-care-booster-lip-butter,essence-lip-care-booster-lip-butter,essence,economica,balsamo
https://inkeedecoder.com/products/essence-lip-care-booster-lip-peeling,essence-lip-care-booster-lip-peeling,essence,economica,sin_clasificar
https://inkeedecoder.com/products/essence-lip-care-booster-lip-serum-10-peach-oil,essence-lip-care-booster-lip-serum-10-peach-oil,essence,economica,gloss
https://inkeedecoder.com/products/essence-lip-care-hydra-oil-core-balm,essence-lip-care-hydra-oil-core-balm,essence,economica,gloss
https://inkeedecoder.com/products/essence-melting-for-ice-cream-ph-reacting-lip-cream-01-soft-sweet-creamy,essence-melting-for-ice-cream-ph-reacting-lip-cream-01-soft-sweet-creamy,essence,economica,liquido
https://inkeedecoder.com/products/essence-melting-for-ice-cream-ph-reacting-lip-cream-02-vanilla-la-love,essence-melting-for-ice-cream-ph-reacting-lip-cream-02-vanilla-la-love,essence,economica,liquido
https://inkeedecoder.com/products/essence-meta-glow-colour-changing-lipstick,essence-meta-glow-colour-changing-lipstick,essence,economica,barra
https://inkeedecoder.com/products/essence-meta-glow-multi-reflective-lipgloss-01-cyber-space,essence-meta-glow-multi-reflective-lipgloss-01-cyber-space,essence,economica,gloss
https://inkeedecoder.com/products/essence-meta-glow-multi-reflective-lipgloss-02-digital-pink,essence-meta-glow-multi-reflective-lipgloss-02-digital-pink,essence,economica,gloss
https://inkeedecoder.com/products/essence-meta-glow-multi-reflective-lipgloss-03-pink-vision,essence-meta-glow-multi-reflective-lipgloss-03-pink-vision,essence,economica,gloss
https://inkeedecoder.com/products/essence-meta-glow-multi-reflective-lipgloss-04-golden-future,essence-meta-glow-multi-reflective-lipgloss-04-golden-future,essence,economica,gloss
https://inkeedecoder.com/products/essence-pearly-potion-multi-reflective-lipgloss,essence-pearly-potion-multi-reflective-lipgloss,essence,economica,gloss
https://inkeedecoder.com/products/essence-peppermint-glow-lip-balm,essence-peppermint-glow-lip-balm,essence,economica,balsamo
https://inkeedecoder.com/products/essence-pink-is-the-new-black-colour-changing-lip-cheek-balm,essence-pink-is-the-new-black-colour-changing-lip-cheek-balm,essence,economica,balsamo
https://inkeedecoder.com/products/essence-pink-is-the-new-black-colour-changing-lip-glow,essence-pink-is-the-new-black-colour-changing-lip-glow,essence,economica,barra
https://inkeedecoder.com/products/essence-pink-is-the-new-black-colour-changing-lip-tint,essence-pink-is-the-new-black-colour-changing-lip-tint,essence,economica,liquido
https://inkeedecoder.com/products/essence-plumping-nudes-lipgloss,essence-plumping-nudes-lipgloss,essence,economica,gloss
https://inkeedecoder.com/products/essence-poutline-soft-glide-lip-pencil,essence-poutline-soft-glide-lip-pencil,essence,economica,delineador
https://inkeedecoder.com/products/essence-satin-glow-shiny-lipstick,essence-satin-glow-shiny-lipstick,essence,economica,barra
https://inkeedecoder.com/products/essence-shine-shine-shine-lipgloss,essence-shine-shine-shine-lipgloss,essence,economica,gloss
https://inkeedecoder.com/products/essence-so-cherry-happy-peptide-lipgloss,essence-so-cherry-happy-peptide-lipgloss,essence,economica,gloss
https://inkeedecoder.com/products/essence-so-mesmerizing-colour-changing-lipstick,essence-so-mesmerizing-colour-changing-lipstick,essence,economica,barra
https://inkeedecoder.com/products/essence-so-mesmerizing-shimmer-lip-oil,essence-so-mesmerizing-shimmer-lip-oil,essence,economica,gloss
https://inkeedecoder.com/products/essence-soft-contouring-lip-liner,essence-soft-contouring-lip-liner,essence,economica,delineador
https://inkeedecoder.com/products/essence-soft-precise-lip-pencil-412-everyberry-s-darling,essence-soft-precise-lip-pencil-412-everyberry-s-darling,essence,economica,delineador
https://inkeedecoder.com/products/essence-the-slim-stick-lipstick,essence-the-slim-stick-lipstick,essence,economica,barra
https://inkeedecoder.com/products/essence-the-super-balm-glossy-lip-treatment,essence-the-super-balm-glossy-lip-treatment,essence,economica,balsamo
https://inkeedecoder.com/products/essence-the-super-peptide-glossy-lip-butter-03-cozy-caramel-latte,essence-the-super-peptide-glossy-lip-butter-03-cozy-caramel-latte,essence,economica,balsamo
https://inkeedecoder.com/products/essence-the-super-peptide-glossy-lip-treatment,essence-the-super-peptide-glossy-lip-treatment,essence,economica,balsamo
https://inkeedecoder.com/products/essence-the-super-peptide-glossy-lip-treatment-02-pinkified,essence-the-super-peptide-glossy-lip-treatment-02-pinkified,essence,economica,balsamo
https://inkeedecoder.com/products/essence-the-super-peptide-glossy-lip-treatment-03-toffeetastic,essence-the-super-peptide-glossy-lip-treatment-03-toffeetastic,essence,economica,balsamo
https://inkeedecoder.com/products/essence-the-super-peptide-glossy-lip-treatment-04-coralized,essence-the-super-peptide-glossy-lip-treatment-04-coralized,essence,economica,balsamo
https://inkeedecoder.com/products/essence-this-is-nude-lipstick,essence-this-is-nude-lipstick,essence,economica,barra
https://inkeedecoder.com/products/essence-this-is-nude-lipstick-crazy,essence-this-is-nude-lipstick-crazy,essence,economica,barra
https://inkeedecoder.com/products/essence-this-is-nude-lipstick-strong,essence-this-is-nude-lipstick-strong,essence,economica,barra
https://inkeedecoder.com/products/essence-ticket-for-a-smile-lip-oil-roll-on,essence-ticket-for-a-smile-lip-oil-roll-on,essence,economica,gloss
https://inkeedecoder.com/products/essence-tinted-kiss-hydrating-lip-tint,essence-tinted-kiss-hydrating-lip-tint,essence,economica,liquido
https://inkeedecoder.com/products/essence-vintage-beach-coconut-lip-conditioner,essence-vintage-beach-coconut-lip-conditioner,essence,economica,balsamo
https://inkeedecoder.com/products/essence-volumizing-collagen-vegan-lip-balm,essence-volumizing-collagen-vegan-lip-balm,essence,economica,balsamo
https://inkeedecoder.com/products/essence-what-a-tint-lip-cheek-tint,essence-what-a-tint-lip-cheek-tint,essence,economica,liquido
https://inkeedecoder.com/products/essence-what-a-tint-lip-cheek-tint-coral-sunset,essence-what-a-tint-lip-cheek-tint-coral-sunset,essence,economica,liquido
https://inkeedecoder.com/products/essence-what-a-tint-lip-cheek-tint-peachy-vibes,essence-what-a-tint-lip-cheek-tint-peachy-vibes,essence,economica,liquido
https://inkeedecoder.com/products/essence-what-the-fake-extreme-plumping-lip-filler-icy-effect,essence-what-the-fake-extreme-plumping-lip-filler-icy-effect,essence,economica,gloss
https://inkeedecoder.com/products/essence-what-the-fake-extreme-plumping-lip-filler-with-chili-extract,essence-what-the-fake-extreme-plumping-lip-filler-with-chili-extract,essence,economica,gloss
https://inkeedecoder.com/products/essence-what-the-fake-glass-shine-plumping-lip-filler,essence-what-the-fake-glass-shine-plumping-lip-filler,essence,economica,gloss
https://inkeedecoder.com/products/essence-what-the-fake-oh-my-plump-plumping-lip-filler,essence-what-the-fake-oh-my-plump-plumping-lip-filler,essence,economica,gloss
https://inkeedecoder.com/products/essence-what-the-fake-pepper-me-up-extreme-plumping-lip-filler,essence-what-the-fake-pepper-me-up-extreme-plumping-lip-filler,essence,economica,gloss
https://inkeedecoder.com/products/kiko-make-up-double-touch-lipstick,kiko-make-up-double-touch-lipstick,kiko,economica,barra
https://inkeedecoder.com/products/kiko-milano-3d-hydra-lip-oil,kiko-milano-3d-hydra-lip-oil,kiko,economica,gloss
https://inkeedecoder.com/products/kiko-milano-3d-hydra-lipgloss,kiko-milano-3d-hydra-lipgloss,kiko,economica,gloss
https://inkeedecoder.com/products/kiko-milano-3d-hydra-lipgloss-2,kiko-milano-3d-hydra-lipgloss-2,kiko,economica,gloss
https://inkeedecoder.com/products/kiko-milano-3d-hydra-xtreme-lipgloss,kiko-milano-3d-hydra-xtreme-lipgloss,kiko,economica,gloss
https://inkeedecoder.com/products/kiko-milano-bridgerton-ballroom-beauty-satin-shine-lipstick,kiko-milano-bridgerton-ballroom-beauty-satin-shine-lipstick,kiko,economica,gloss
https://inkeedecoder.com/products/kiko-milano-creamy-colour-comfort-lip-liner,kiko-milano-creamy-colour-comfort-lip-liner,kiko,economica,delineador
https://inkeedecoder.com/products/kiko-milano-drop-lip-balm-05,kiko-milano-drop-lip-balm-05,kiko,economica,balsamo
https://inkeedecoder.com/products/kiko-milano-drop-lip-balm-6,kiko-milano-drop-lip-balm-6,kiko,economica,balsamo
https://inkeedecoder.com/products/kiko-milano-gossamer-emotion-creamy-lipstick,kiko-milano-gossamer-emotion-creamy-lipstick,kiko,economica,barra
https://inkeedecoder.com/products/kiko-milano-new-pure-clean-eyes-lips,kiko-milano-new-pure-clean-eyes-lips,kiko,economica,sin_clasificar
https://inkeedecoder.com/products/kiko-milano-ph-glow-lipstick,kiko-milano-ph-glow-lipstick,kiko,economica,barra
https://inkeedecoder.com/products/kiko-milano-ph-lip-enhancer,kiko-milano-ph-lip-enhancer,kiko,economica,sin_clasificar
https://inkeedecoder.com/products/kiko-milano-pure-clean-eyes-lips,kiko-milano-pure-clean-eyes-lips,kiko,economica,sin_clasificar
https://inkeedecoder.com/products/kiko-milano-smart-fusion-creamy-lip-crayon,kiko-milano-smart-fusion-creamy-lip-crayon,kiko,economica,delineador
https://inkeedecoder.com/products/kiko-milano-smart-fusion-lip-pencil,kiko-milano-smart-fusion-lip-pencil,kiko,economica,delineador
https://inkeedecoder.com/products/kiko-milano-smart-fusion-lipstick,kiko-milano-smart-fusion-lipstick,kiko,economica,barra
https://inkeedecoder.com/products/kiko-milano-smart-fusion-matte-lip-crayon-06-cherry-red,kiko-milano-smart-fusion-matte-lip-crayon-06-cherry-red,kiko,economica,delineador
https://inkeedecoder.com/products/kiko-milano-street-heart-pump-up-the-volume-lip-liner,kiko-milano-street-heart-pump-up-the-volume-lip-liner,kiko,economica,delineador
https://inkeedecoder.com/products/kiko-milano-street-heart-pump-up-the-volume-solid-lip-gloss-stick,kiko-milano-street-heart-pump-up-the-volume-solid-lip-gloss-stick,kiko,economica,gloss
https://inkeedecoder.com/products/loreal-absolute-repair-lipidium,loreal-absolute-repair-lipidium,loreal,economica,sin_clasificar
https://inkeedecoder.com/products/loreal-age-perfect-satin-lipstick-with-precious-oils-blooming-rose,loreal-age-perfect-satin-lipstick-with-precious-oils-blooming-rose,loreal,economica,barra
https://inkeedecoder.com/products/loreal-blurfiller-blurring-lip-contour,loreal-blurfiller-blurring-lip-contour,loreal,economica,delineador
https://inkeedecoder.com/products/loreal-color-riche-intense-volume-matte-slim-lipstick,loreal-color-riche-intense-volume-matte-slim-lipstick,loreal,economica,barra
https://inkeedecoder.com/products/loreal-color-riche-le-lip-crayon,loreal-color-riche-le-lip-crayon,loreal,economica,delineador
https://inkeedecoder.com/products/loreal-color-riche-le-lip-liner,loreal-color-riche-le-lip-liner,loreal,economica,delineador
https://inkeedecoder.com/products/loreal-color-riche-satin-lipstick,loreal-color-riche-satin-lipstick,loreal,economica,barra
https://inkeedecoder.com/products/loreal-colour-riche-satin-lipstick,loreal-colour-riche-satin-lipstick,loreal,economica,barra
https://inkeedecoder.com/products/loreal-dermo-expertise-collagen-filler-lip-double-action,loreal-dermo-expertise-collagen-filler-lip-double-action,loreal,economica,sin_clasificar
https://inkeedecoder.com/products/loreal-glow-paradise-balm-in-lipstick,loreal-glow-paradise-balm-in-lipstick,loreal,economica,balsamo
https://inkeedecoder.com/products/loreal-glow-paradise-balm-in-lipstick-2,loreal-glow-paradise-balm-in-lipstick-2,loreal,economica,balsamo
https://inkeedecoder.com/products/loreal-glow-paradise-lip-balm-in-gloss,loreal-glow-paradise-lip-balm-in-gloss,loreal,economica,gloss
https://inkeedecoder.com/products/loreal-hyaluron-lip-oil,loreal-hyaluron-lip-oil,loreal,economica,gloss
https://inkeedecoder.com/products/loreal-loreal-paris-age-perfect-satin-lipstick-with-precious-oils,loreal-loreal-paris-age-perfect-satin-lipstick-with-precious-oils,loreal,economica,barra
https://inkeedecoder.com/products/loreal-matte-resistance-liquid-lipstick,loreal-matte-resistance-liquid-lipstick,loreal,economica,liquido
https://inkeedecoder.com/products/loreal-paradise-hyaluron-tint-lip-stain-serum,loreal-paradise-hyaluron-tint-lip-stain-serum,loreal,economica,liquido
https://inkeedecoder.com/products/loreal-paris-color-riche-les-nus-satin-lipstick,loreal-paris-color-riche-les-nus-satin-lipstick,loreal,economica,barra
https://inkeedecoder.com/products/loreal-professionnel-lipstick-color-riche-107-seine-sunset,loreal-professionnel-lipstick-color-riche-107-seine-sunset,loreal,economica,barra
https://inkeedecoder.com/products/loreal-rouge-signature-matte-lip-stain,loreal-rouge-signature-matte-lip-stain,loreal,economica,liquido
https://inkeedecoder.com/products/m-a-c-retro-matte-lipstick-in-ruby-woo,m-a-c-retro-matte-lipstick-in-ruby-woo,mac,alta,barra
https://inkeedecoder.com/products/mac-cosmetics-lip-scrubtious,mac-cosmetics-lip-scrubtious,mac,alta,sin_clasificar
https://inkeedecoder.com/products/mac-cremesheen-lipstick-brave-red,mac-cremesheen-lipstick-brave-red,mac,alta,barra
https://inkeedecoder.com/products/mac-dazzlelips-crayon-lipstick,mac-dazzlelips-crayon-lipstick,mac,alta,delineador
https://inkeedecoder.com/products/mac-lip-conditioner,mac-lip-conditioner,mac,alta,balsamo
https://inkeedecoder.com/products/mac-lip-pencil,mac-lip-pencil,mac,alta,delineador
https://inkeedecoder.com/products/mac-lip-pencil-2,mac-lip-pencil-2,mac,alta,delineador
https://inkeedecoder.com/products/mac-lipglass,mac-lipglass,mac,alta,sin_clasificar
https://inkeedecoder.com/products/mac-lipglass-2,mac-lipglass-2,mac,alta,sin_clasificar
https://inkeedecoder.com/products/mac-lipglass-air-non-sticky-gloss,mac-lipglass-air-non-sticky-gloss,mac,alta,gloss
https://inkeedecoder.com/products/mac-lipglass-blow-plumping-oil,mac-lipglass-blow-plumping-oil,mac,alta,gloss
https://inkeedecoder.com/products/mac-lipglass-cushion-high-pigment-lip-oil,mac-lipglass-cushion-high-pigment-lip-oil,mac,alta,gloss
https://inkeedecoder.com/products/mac-lipglazer-lip-liner,mac-lipglazer-lip-liner,mac,alta,delineador
https://inkeedecoder.com/products/mac-locked-kiss-ink-lipstick,mac-locked-kiss-ink-lipstick,mac,alta,liquido
https://inkeedecoder.com/products/mac-love-me-lipstick,mac-love-me-lipstick,mac,alta,barra
https://inkeedecoder.com/products/mac-lustreglass-sheer-shine-lipstick,mac-lustreglass-sheer-shine-lipstick,mac,alta,gloss
https://inkeedecoder.com/products/mac-lustreglass-sheer-shine-lipstick-2,mac-lustreglass-sheer-shine-lipstick-2,mac,alta,gloss
https://inkeedecoder.com/products/mac-lustreglass-sheer-shine-lipstick-in-shade-hug-me-new-formula,mac-lustreglass-sheer-shine-lipstick-in-shade-hug-me-new-formula,mac,alta,gloss
https://inkeedecoder.com/products/mac-lustreglass-stainglass-lip-tint,mac-lustreglass-stainglass-lip-tint,mac,alta,liquido
https://inkeedecoder.com/products/mac-m-a-c-locked-kiss-ink-24hr-lipcolour,mac-m-a-c-locked-kiss-ink-24hr-lipcolour,mac,alta,liquido
https://inkeedecoder.com/products/mac-m-a-cximal-silky-matte-lipstick,mac-m-a-cximal-silky-matte-lipstick,mac,alta,barra
https://inkeedecoder.com/products/mac-m-a-cximal-sleek-satin-lipstick,mac-m-a-cximal-sleek-satin-lipstick,mac,alta,barra
https://inkeedecoder.com/products/mac-m-a-cximal-sleek-satin-lipstick-creme-in-your-coffee,mac-m-a-cximal-sleek-satin-lipstick-creme-in-your-coffee,mac,alta,liquido
https://inkeedecoder.com/products/mac-powder-kiss-lipstick,mac-powder-kiss-lipstick,mac,alta,barra
https://inkeedecoder.com/products/mac-prep-prime-lip,mac-prep-prime-lip,mac,alta,sin_clasificar
https://inkeedecoder.com/products/mac-pro-lip-erase,mac-pro-lip-erase,mac,alta,sin_clasificar
https://inkeedecoder.com/products/mac-velvet-teddy-lipstick,mac-velvet-teddy-lipstick,mac,alta,barra
https://inkeedecoder.com/products/makeup-revolution-aura-lip-balm,makeup-revolution-aura-lip-balm,revolution,economica,balsamo
https://inkeedecoder.com/products/makeup-revolution-glaze-lip-oil-getaway-terracotta,makeup-revolution-glaze-lip-oil-getaway-terracotta,revolution,economica,gloss
https://inkeedecoder.com/products/makeup-revolution-lip-oil-2,makeup-revolution-lip-oil-2,revolution,economica,gloss
https://inkeedecoder.com/products/makeup-revolution-rehab-overnight-lip-serum,makeup-revolution-rehab-overnight-lip-serum,revolution,economica,sin_clasificar
https://inkeedecoder.com/products/makeup-revolution-shimmer-bomb-lip-gloss-2,makeup-revolution-shimmer-bomb-lip-gloss-2,revolution,economica,gloss
https://inkeedecoder.com/products/makeup-revolution-shimmer-lip-gloss,makeup-revolution-shimmer-lip-gloss,revolution,economica,gloss
https://inkeedecoder.com/products/maybelline-baby-lips-dr-rescue-r-medicated-lip-balm,maybelline-baby-lips-dr-rescue-r-medicated-lip-balm,maybelline,economica,balsamo
https://inkeedecoder.com/products/maybelline-baby-lips-lip-balm-anti-oxidant-berry,maybelline-baby-lips-lip-balm-anti-oxidant-berry,maybelline,economica,balsamo
https://inkeedecoder.com/products/maybelline-baby-lips-pink-lolita-lip-balm,maybelline-baby-lips-pink-lolita-lip-balm,maybelline,economica,balsamo
https://inkeedecoder.com/products/maybelline-baby-lips-pink-punch,maybelline-baby-lips-pink-punch,maybelline,economica,sin_clasificar
https://inkeedecoder.com/products/maybelline-cloudtopia-cheek-and-lip-mousse,maybelline-cloudtopia-cheek-and-lip-mousse,maybelline,economica,liquido
https://inkeedecoder.com/products/maybelline-color-sensational-ultimatte-neo-neutrals-slim-lipstick,maybelline-color-sensational-ultimatte-neo-neutrals-slim-lipstick,maybelline,economica,barra
https://inkeedecoder.com/products/maybelline-colorsensational-lip-liner,maybelline-colorsensational-lip-liner,maybelline,economica,delineador
https://inkeedecoder.com/products/maybelline-green-edition-balmy-lip-blush,maybelline-green-edition-balmy-lip-blush,maybelline,economica,sin_clasificar
https://inkeedecoder.com/products/maybelline-lifter-gel-oil-in-gel-lip-gloss-with-hyaluronic-acid,maybelline-lifter-gel-oil-in-gel-lip-gloss-with-hyaluronic-acid,maybelline,economica,gloss
https://inkeedecoder.com/products/maybelline-lifter-gloss-r-lip-gloss,maybelline-lifter-gloss-r-lip-gloss,maybelline,economica,gloss
https://inkeedecoder.com/products/maybelline-lifter-liner-lip-liner-with-hyaluronic-acid,maybelline-lifter-liner-lip-liner-with-hyaluronic-acid,maybelline,economica,delineador
https://inkeedecoder.com/products/maybelline-lipstick,maybelline-lipstick,maybelline,economica,barra
https://inkeedecoder.com/products/maybelline-moisturizing-serum-lipstick-matte-finish,maybelline-moisturizing-serum-lipstick-matte-finish,maybelline,economica,barra
https://inkeedecoder.com/products/maybelline-moisturizing-serum-lipstick-satin-finish,maybelline-moisturizing-serum-lipstick-satin-finish,maybelline,economica,barra
https://inkeedecoder.com/products/maybelline-new-york-baby-lips-05-quenched,maybelline-new-york-baby-lips-05-quenched,maybelline,economica,sin_clasificar
https://inkeedecoder.com/products/maybelline-new-york-color-sensational-lipstick,maybelline-new-york-color-sensational-lipstick,maybelline,economica,barra
https://inkeedecoder.com/products/maybelline-new-york-lip-balm,maybelline-new-york-lip-balm,maybelline,economica,balsamo
https://inkeedecoder.com/products/maybelline-new-york-lippenstift-super-stay-vinly-ink,maybelline-new-york-lippenstift-super-stay-vinly-ink,maybelline,economica,liquido
https://inkeedecoder.com/products/maybelline-new-york-maybelline-baby-lips-bloom-color-changing-lip-balm-pink-bloom,maybelline-new-york-maybelline-baby-lips-bloom-color-changing-lip-balm-pink-bloom,maybelline,economica,balsamo
https://inkeedecoder.com/products/maybelline-new-york-sensational-liquid-matte-lipstick,maybelline-new-york-sensational-liquid-matte-lipstick,maybelline,economica,liquido
https://inkeedecoder.com/products/maybelline-sensational-cushion-matte-lip-tint-matte-liptint-cheektint-colour-tint,maybelline-sensational-cushion-matte-lip-tint-matte-liptint-cheektint-colour-tint,maybelline,economica,liquido
https://inkeedecoder.com/products/maybelline-serum-lipstick,maybelline-serum-lipstick,maybelline,economica,barra
https://inkeedecoder.com/products/maybelline-super-stay-24-r-color-2-step-liquid-lipstick,maybelline-super-stay-24-r-color-2-step-liquid-lipstick,maybelline,economica,liquido
https://inkeedecoder.com/products/maybelline-super-stay-peel-off-lip-liner,maybelline-super-stay-peel-off-lip-liner,maybelline,economica,delineador
https://inkeedecoder.com/products/maybelline-super-stay-r-ink-crayon-lipstick,maybelline-super-stay-r-ink-crayon-lipstick,maybelline,economica,delineador
https://inkeedecoder.com/products/maybelline-super-stay-r-vinyl-ink-longwear-liquid-lipcolor,maybelline-super-stay-r-vinyl-ink-longwear-liquid-lipcolor,maybelline,economica,liquido
https://inkeedecoder.com/products/maybelline-superstay-matte-ink-liquid-lipstick,maybelline-superstay-matte-ink-liquid-lipstick,maybelline,economica,liquido
https://inkeedecoder.com/products/milani-amore-satin-matte-lip-cream,milani-amore-satin-matte-lip-cream,milani,economica,liquido
https://inkeedecoder.com/products/milani-color-fetish-balm-lipstick,milani-color-fetish-balm-lipstick,milani,economica,balsamo
https://inkeedecoder.com/products/milani-color-fetish-hydrating-lip-stain,milani-color-fetish-hydrating-lip-stain,milani,economica,liquido
https://inkeedecoder.com/products/milani-color-fetish-matte-lipstick,milani-color-fetish-matte-lipstick,milani,economica,barra
https://inkeedecoder.com/products/milani-color-statement-lipliner,milani-color-statement-lipliner,milani,economica,delineador
https://inkeedecoder.com/products/milani-color-statement-lipstick,milani-color-statement-lipstick,milani,economica,barra
https://inkeedecoder.com/products/milani-fruit-fetish-cherry-lime-lip-oil,milani-fruit-fetish-cherry-lime-lip-oil,milani,economica,gloss
https://inkeedecoder.com/products/milani-fruit-fetish-lip-balm,milani-fruit-fetish-lip-balm,milani,economica,balsamo
https://inkeedecoder.com/products/milani-fruit-fetish-lip-oil-raspberry-peach-130,milani-fruit-fetish-lip-oil-raspberry-peach-130,milani,economica,gloss
https://inkeedecoder.com/products/milani-fruit-fetish-lip-oils-strawberry-melon,milani-fruit-fetish-lip-oils-strawberry-melon,milani,economica,sin_clasificar
https://inkeedecoder.com/products/milani-fruit-fetish-passionfruit-coconut-lip-oil,milani-fruit-fetish-passionfruit-coconut-lip-oil,milani,economica,gloss
https://inkeedecoder.com/products/milani-keep-it-full-maxxx-balmshell-lip-plumping-balm-gloss,milani-keep-it-full-maxxx-balmshell-lip-plumping-balm-gloss,milani,economica,gloss
https://inkeedecoder.com/products/milani-keep-it-full-maxxx-balmshell-plumping-lip-balm,milani-keep-it-full-maxxx-balmshell-plumping-lip-balm,milani,economica,gloss
https://inkeedecoder.com/products/milani-keep-it-full-maxxx-lip-plumper,milani-keep-it-full-maxxx-lip-plumper,milani,economica,gloss
https://inkeedecoder.com/products/milani-keep-it-full-nourishing-lip-plumper,milani-keep-it-full-nourishing-lip-plumper,milani,economica,gloss
https://inkeedecoder.com/products/milani-keep-it-full-nourishing-lip-plumper-gloss,milani-keep-it-full-nourishing-lip-plumper-gloss,milani,economica,gloss
https://inkeedecoder.com/products/milani-keep-it-full-plumping-lip-liner,milani-keep-it-full-plumping-lip-liner,milani,economica,delineador
https://inkeedecoder.com/products/milani-keep-it-smooth-lip-treatment-luxe-lip-treatment,milani-keep-it-smooth-lip-treatment-luxe-lip-treatment,milani,economica,balsamo
https://inkeedecoder.com/products/milani-rose-transforming-lip-balm,milani-rose-transforming-lip-balm,milani,economica,balsamo
https://inkeedecoder.com/products/milani-stay-put-liquid-lip-longwear-lipstick,milani-stay-put-liquid-lip-longwear-lipstick,milani,economica,liquido
https://inkeedecoder.com/products/milani-stay-put-liquid-lip-shimmer-lipstick,milani-stay-put-liquid-lip-shimmer-lipstick,milani,economica,liquido
https://inkeedecoder.com/products/milani-stay-put-matte-lip-crayon,milani-stay-put-matte-lip-crayon,milani,economica,delineador
https://inkeedecoder.com/products/milani-supercharged-cheek-and-lip-multistick,milani-supercharged-cheek-and-lip-multistick,milani,economica,sin_clasificar
https://inkeedecoder.com/products/milani-understatement-lipliner,milani-understatement-lipliner,milani,economica,delineador
https://inkeedecoder.com/products/nyx-bare-with-me-hemp-lip-conditioner,nyx-bare-with-me-hemp-lip-conditioner,nyx,economica,balsamo
https://inkeedecoder.com/products/nyx-candy-slick-glowy-lip-color,nyx-candy-slick-glowy-lip-color,nyx,economica,barra
https://inkeedecoder.com/products/nyx-cosmetics-fat-oil-lip-drip,nyx-cosmetics-fat-oil-lip-drip,nyx,economica,gloss
https://inkeedecoder.com/products/nyx-cosmetics-lip-i-v-hydrating-lip-gloss-stain,nyx-cosmetics-lip-i-v-hydrating-lip-gloss-stain,nyx,economica,gloss
https://inkeedecoder.com/products/nyx-cosmetics-lip-lingerie-lip-liner-stain,nyx-cosmetics-lip-lingerie-lip-liner-stain,nyx,economica,delineador
https://inkeedecoder.com/products/nyx-cosmetics-smushy-matte-lip-balm,nyx-cosmetics-smushy-matte-lip-balm,nyx,economica,balsamo
https://inkeedecoder.com/products/nyx-cosmetics-wednesday-color-shifting-lip-oil,nyx-cosmetics-wednesday-color-shifting-lip-oil,nyx,economica,gloss
https://inkeedecoder.com/products/nyx-fat-oil-lip-drip,nyx-fat-oil-lip-drip,nyx,economica,gloss
https://inkeedecoder.com/products/nyx-fat-oil-slick-click-lip-balm,nyx-fat-oil-slick-click-lip-balm,nyx,economica,gloss
https://inkeedecoder.com/products/nyx-filler-instinct-plumping-lip-polish,nyx-filler-instinct-plumping-lip-polish,nyx,economica,gloss
https://inkeedecoder.com/products/nyx-line-loud-lip-liner,nyx-line-loud-lip-liner,nyx,economica,delineador
https://inkeedecoder.com/products/nyx-lip-lingerie-xxl-matte-liquid-lipstick,nyx-lip-lingerie-xxl-matte-liquid-lipstick,nyx,economica,liquido
https://inkeedecoder.com/products/nyx-liquid-suede-cream-lipstick,nyx-liquid-suede-cream-lipstick,nyx,economica,liquido
https://inkeedecoder.com/products/nyx-matte-lip-cream,nyx-matte-lip-cream,nyx,economica,liquido
https://inkeedecoder.com/products/nyx-professional-makeup-butter-gloss-metallics-non-sticky-lip-gloss,nyx-professional-makeup-butter-gloss-metallics-non-sticky-lip-gloss,nyx,economica,gloss
https://inkeedecoder.com/products/nyx-professional-makeup-butter-gloss-non-sticky-lip-gloss,nyx-professional-makeup-butter-gloss-non-sticky-lip-gloss,nyx,economica,gloss
https://inkeedecoder.com/products/nyx-professional-makeup-duck-plump-high-pigment-lip-plumping-gloss,nyx-professional-makeup-duck-plump-high-pigment-lip-plumping-gloss,nyx,economica,gloss
https://inkeedecoder.com/products/nyx-professional-makeup-duck-plump-retractable-plumping-lip-liner,nyx-professional-makeup-duck-plump-retractable-plumping-lip-liner,nyx,economica,delineador
https://inkeedecoder.com/products/nyx-professional-makeup-extra-creamy-round-lipstick,nyx-professional-makeup-extra-creamy-round-lipstick,nyx,economica,barra
https://inkeedecoder.com/products/nyx-professional-makeup-fat-matte-smooth-color-lipstick,nyx-professional-makeup-fat-matte-smooth-color-lipstick,nyx,economica,barra
https://inkeedecoder.com/products/nyx-professional-makeup-fat-oil-lip-drip-chillz,nyx-professional-makeup-fat-oil-lip-drip-chillz,nyx,economica,gloss
https://inkeedecoder.com/products/nyx-professional-makeup-fat-oil-lip-drip-juicy-boo,nyx-professional-makeup-fat-oil-lip-drip-juicy-boo,nyx,economica,gloss
https://inkeedecoder.com/products/nyx-professional-makeup-jelly-job-lip-gloss,nyx-professional-makeup-jelly-job-lip-gloss,nyx,economica,gloss
https://inkeedecoder.com/products/nyx-professional-makeup-line-loud-lip-pencil,nyx-professional-makeup-line-loud-lip-pencil,nyx,economica,delineador
https://inkeedecoder.com/products/nyx-professional-makeup-lip-iv-hydrating-gloss-stain-2,nyx-professional-makeup-lip-iv-hydrating-gloss-stain-2,nyx,economica,gloss
https://inkeedecoder.com/products/nyx-professional-makeup-lip-lingerie-gloss-clear,nyx-professional-makeup-lip-lingerie-gloss-clear,nyx,economica,gloss
https://inkeedecoder.com/products/nyx-professional-makeup-lip-lingerie-gloss-clear-2,nyx-professional-makeup-lip-lingerie-gloss-clear-2,nyx,economica,gloss
https://inkeedecoder.com/products/nyx-professional-makeup-nyx-slim-lip-pencil-nude-truffle,nyx-professional-makeup-nyx-slim-lip-pencil-nude-truffle,nyx,economica,delineador
https://inkeedecoder.com/products/nyx-professional-makeup-retractable-lip-liner-nude-pink,nyx-professional-makeup-retractable-lip-liner-nude-pink,nyx,economica,delineador
https://inkeedecoder.com/products/nyx-professional-makeup-slim-lip-pencil,nyx-professional-makeup-slim-lip-pencil,nyx,economica,delineador
https://inkeedecoder.com/products/nyx-professional-makeup-smooth-whip-matte-lip-cream,nyx-professional-makeup-smooth-whip-matte-lip-cream,nyx,economica,liquido
https://inkeedecoder.com/products/nyx-professional-makeup-suede-matte-lip-liner,nyx-professional-makeup-suede-matte-lip-liner,nyx,economica,delineador
https://inkeedecoder.com/products/nyx-professional-makeup-suede-matte-lipstick,nyx-professional-makeup-suede-matte-lipstick,nyx,economica,barra
https://inkeedecoder.com/products/nyx-shine-loud-pro-pigment-lip-shine,nyx-shine-loud-pro-pigment-lip-shine,nyx,economica,gloss
https://inkeedecoder.com/products/nyx-shout-loud-satin-lipstick,nyx-shout-loud-satin-lipstick,nyx,economica,barra
https://inkeedecoder.com/products/nyx-slip-tease-full-color-lip-oil,nyx-slip-tease-full-color-lip-oil,nyx,economica,gloss
https://inkeedecoder.com/products/nyx-slip-tease-lip-lacquer,nyx-slip-tease-lip-lacquer,nyx,economica,gloss
https://inkeedecoder.com/products/nyx-this-is-milky-lip-gloss,nyx-this-is-milky-lip-gloss,nyx,economica,gloss
https://inkeedecoder.com/products/nyx-thisiseverything-lip-oil,nyx-thisiseverything-lip-oil,nyx,economica,gloss
https://inkeedecoder.com/products/revolution-air-blur-matte-liquid-lipstick,revolution-air-blur-matte-liquid-lipstick,revolution,economica,liquido
https://inkeedecoder.com/products/revolution-beauty-london-i-heart-revolution-metallic-unicorn-lips-whimsical,revolution-beauty-london-i-heart-revolution-metallic-unicorn-lips-whimsical,revolution,economica,sin_clasificar
https://inkeedecoder.com/products/revolution-beauty-pout-lip-gloss-stick,revolution-beauty-pout-lip-gloss-stick,revolution,economica,gloss
https://inkeedecoder.com/products/revolution-blur-lip-shaper,revolution-blur-lip-shaper,revolution,economica,sin_clasificar
https://inkeedecoder.com/products/revolution-bouncy-pudding-lip-cheek-tint,revolution-bouncy-pudding-lip-cheek-tint,revolution,economica,liquido
https://inkeedecoder.com/products/revolution-candy-haze-lip-balm,revolution-candy-haze-lip-balm,revolution,economica,balsamo
https://inkeedecoder.com/products/revolution-ceramide-lip-swirl-pure-gloss-clear,revolution-ceramide-lip-swirl-pure-gloss-clear,revolution,economica,gloss
https://inkeedecoder.com/products/revolution-glaze-lip-oil-glam-pink,revolution-glaze-lip-oil-glam-pink,revolution,economica,gloss
https://inkeedecoder.com/products/revolution-gym-lip-resist-hydrating-lip-balm-pink,revolution-gym-lip-resist-hydrating-lip-balm-pink,revolution,economica,balsamo
https://inkeedecoder.com/products/revolution-hot-shot-plumping-lip-gloss,revolution-hot-shot-plumping-lip-gloss,revolution,economica,gloss
https://inkeedecoder.com/products/revolution-i-heart-revolution-shimmer-spritz-lip-gloss-cherry-cola,revolution-i-heart-revolution-shimmer-spritz-lip-gloss-cherry-cola,revolution,economica,gloss
https://inkeedecoder.com/products/revolution-i-heart-revolution-shimmer-spritz-lip-gloss-grapefruit,revolution-i-heart-revolution-shimmer-spritz-lip-gloss-grapefruit,revolution,economica,gloss
https://inkeedecoder.com/products/revolution-i-heart-revolution-shimmer-spritz-lip-gloss-lemonade,revolution-i-heart-revolution-shimmer-spritz-lip-gloss-lemonade,revolution,economica,gloss
https://inkeedecoder.com/products/revolution-i-heart-revolution-tropical-lip-oil-kiwi,revolution-i-heart-revolution-tropical-lip-oil-kiwi,revolution,economica,gloss
https://inkeedecoder.com/products/revolution-i-heart-revolution-tropical-lip-oil-pomegranate,revolution-i-heart-revolution-tropical-lip-oil-pomegranate,revolution,economica,gloss
https://inkeedecoder.com/products/revolution-inflatable-glow-lip-cheek-tint-tropical-creamsicle,revolution-inflatable-glow-lip-cheek-tint-tropical-creamsicle,revolution,economica,liquido
https://inkeedecoder.com/products/revolution-jelly-blush-stick-lip-and-cheek-stain,revolution-jelly-blush-stick-lip-and-cheek-stain,revolution,economica,liquido
https://inkeedecoder.com/products/revolution-juicy-peptide-lip-balm,revolution-juicy-peptide-lip-balm,revolution,economica,balsamo
https://inkeedecoder.com/products/revolution-juicy-pout-lip-gloss-grapefruit,revolution-juicy-pout-lip-gloss-grapefruit,revolution,economica,gloss
https://inkeedecoder.com/products/revolution-kiss-drip-water-lip-tint,revolution-kiss-drip-water-lip-tint,revolution,economica,liquido
https://inkeedecoder.com/products/revolution-lip-allure-soft-satin-lipstick,revolution-lip-allure-soft-satin-lipstick,revolution,economica,barra
https://inkeedecoder.com/products/revolution-lip-nourishing-tint-with-cannabis-sativa-energy,revolution-lip-nourishing-tint-with-cannabis-sativa-energy,revolution,economica,liquido
https://inkeedecoder.com/products/revolution-lip-shake-lip-gloss,revolution-lip-shake-lip-gloss,revolution,economica,gloss
https://inkeedecoder.com/products/revolution-lip-shift-peel-off-lip-stain,revolution-lip-shift-peel-off-lip-stain,revolution,economica,liquido
https://inkeedecoder.com/products/revolution-peptide-glaze-tinted-lip-serum,revolution-peptide-glaze-tinted-lip-serum,revolution,economica,sin_clasificar
https://inkeedecoder.com/products/revolution-poolside-aqua-drip-cooling-lip-oil,revolution-poolside-aqua-drip-cooling-lip-oil,revolution,economica,gloss
https://inkeedecoder.com/products/revolution-pout-bomb-plumping-lip-liner,revolution-pout-bomb-plumping-lip-liner,revolution,economica,delineador
https://inkeedecoder.com/products/revolution-pout-lip-gloss-stick,revolution-pout-lip-gloss-stick,revolution,economica,gloss
https://inkeedecoder.com/products/revolution-pout-lip-oil,revolution-pout-lip-oil,revolution,economica,gloss
https://inkeedecoder.com/products/revolution-pro-goddess-glow-lip-oil-soleil,revolution-pro-goddess-glow-lip-oil-soleil,revolution,economica,gloss
https://inkeedecoder.com/products/revolution-pro-hydra-bright-plumping-lip-gloss-clear,revolution-pro-hydra-bright-plumping-lip-gloss-clear,revolution,economica,gloss
https://inkeedecoder.com/products/revolution-pro-hydra-bright-plumping-lip-gloss-pink,revolution-pro-hydra-bright-plumping-lip-gloss-pink,revolution,economica,gloss
https://inkeedecoder.com/products/revolution-pro-new-neutral-lip-liner,revolution-pro-new-neutral-lip-liner,revolution,economica,delineador
https://inkeedecoder.com/products/revolution-pro-new-neutral-satin-matte-lipstick,revolution-pro-new-neutral-satin-matte-lipstick,revolution,economica,barra
https://inkeedecoder.com/products/revolution-pro-protect-conditioning-lip-balm-spf-15,revolution-pro-protect-conditioning-lip-balm-spf-15,revolution,economica,balsamo
https://inkeedecoder.com/products/revolution-pro-renew-lip-conditioner,revolution-pro-renew-lip-conditioner,revolution,economica,balsamo
https://inkeedecoder.com/products/revolution-pro-rescue-lip-oil,revolution-pro-rescue-lip-oil,revolution,economica,gloss
https://inkeedecoder.com/products/revolution-pro-x-amanda-holden-best-kept-secret-lip-and-fine-line-filler,revolution-pro-x-amanda-holden-best-kept-secret-lip-and-fine-line-filler,revolution,economica,sin_clasificar
https://inkeedecoder.com/products/revolution-rehab-lip-care-aha-exfoliator-serum,revolution-rehab-lip-care-aha-exfoliator-serum,revolution,economica,sin_clasificar
https://inkeedecoder.com/products/revolution-rehab-lip-plump-maximiser-conditioning-gloss,revolution-rehab-lip-plump-maximiser-conditioning-gloss,revolution,economica,gloss
https://inkeedecoder.com/products/revolution-rehab-plump-me-up-lip-serum-orange-glaze,revolution-rehab-plump-me-up-lip-serum-orange-glaze,revolution,economica,sin_clasificar
https://inkeedecoder.com/products/revolution-rehab-plump-me-up-lip-serum-pink-glaze,revolution-rehab-plump-me-up-lip-serum-pink-glaze,revolution,economica,sin_clasificar
https://inkeedecoder.com/products/revolution-relove-baby-gloss-lip-gloss,revolution-relove-baby-gloss-lip-gloss,revolution,economica,gloss
https://inkeedecoder.com/products/revolution-relove-baby-lipstick,revolution-relove-baby-lipstick,revolution,economica,barra
https://inkeedecoder.com/products/revolution-relove-by-revolution-baby-tint-lip-cheek-tint,revolution-relove-by-revolution-baby-tint-lip-cheek-tint,revolution,economica,liquido
https://inkeedecoder.com/products/revolution-relove-euphoric-roll-baby-lip-oil,revolution-relove-euphoric-roll-baby-lip-oil,revolution,economica,gloss
https://inkeedecoder.com/products/revolution-relove-glam-balm-lip-balm,revolution-relove-glam-balm-lip-balm,revolution,economica,balsamo
https://inkeedecoder.com/products/revolution-relove-roll-baby-lip-oil-papaya,revolution-relove-roll-baby-lip-oil-papaya,revolution,economica,gloss
https://inkeedecoder.com/products/revolution-satin-kiss-lipliner,revolution-satin-kiss-lipliner,revolution,economica,delineador
https://inkeedecoder.com/products/revolution-skin-pout-pal-nourishing-lip-treatment-vanilla,revolution-skin-pout-pal-nourishing-lip-treatment-vanilla,revolution,economica,balsamo
https://inkeedecoder.com/products/revolution-skincare-hyaluronic-acid-hydrating-lip-patches,revolution-skincare-hyaluronic-acid-hydrating-lip-patches,revolution,economica,sin_clasificar
https://inkeedecoder.com/products/revolution-skincare-hylaboost-hyaluronic-lip-fix,revolution-skincare-hylaboost-hyaluronic-lip-fix,revolution,economica,sin_clasificar
https://inkeedecoder.com/products/revolution-skincare-lip-protector-spf-30-lip-balm,revolution-skincare-lip-protector-spf-30-lip-balm,revolution,economica,balsamo
https://inkeedecoder.com/products/revolution-skincare-peptide-pout-plumping-lip-balm,revolution-skincare-peptide-pout-plumping-lip-balm,revolution,economica,gloss
https://inkeedecoder.com/products/revolution-skincare-planet-revolution-coconut-lip-butter,revolution-skincare-planet-revolution-coconut-lip-butter,revolution,economica,balsamo
https://inkeedecoder.com/products/revolution-skincare-plex-bond-barrier-protecting-lip-cream,revolution-skincare-plex-bond-barrier-protecting-lip-cream,revolution,economica,liquido
https://inkeedecoder.com/products/revolution-skincare-vitality-cannabis-sativa-lip-masks,revolution-skincare-vitality-cannabis-sativa-lip-masks,revolution,economica,sin_clasificar
https://inkeedecoder.com/products/revolution-so-balm-lip-balm-mango,revolution-so-balm-lip-balm-mango,revolution,economica,balsamo
https://inkeedecoder.com/products/too-faced-cloud-crush-whipped-lip-cheek-color,too-faced-cloud-crush-whipped-lip-cheek-color,too-faced,alta,barra
https://inkeedecoder.com/products/too-faced-kissing-jelly-hydrating-lip-oil-gloss,too-faced-kissing-jelly-hydrating-lip-oil-gloss,too-faced,alta,gloss
https://inkeedecoder.com/products/too-faced-kissing-juicy-tint-lip-balm-cream-soda,too-faced-kissing-juicy-tint-lip-balm-cream-soda,too-faced,alta,liquido
https://inkeedecoder.com/products/too-faced-lip-injection-extreme,too-faced-lip-injection-extreme,too-faced,alta,sin_clasificar
https://inkeedecoder.com/products/too-faced-lip-injection-extreme-lip-plumper,too-faced-lip-injection-extreme-lip-plumper,too-faced,alta,gloss
https://inkeedecoder.com/products/too-faced-lip-injection-extreme-plumping-clicks,too-faced-lip-injection-extreme-plumping-clicks,too-faced,alta,gloss
https://inkeedecoder.com/products/too-faced-lip-injection-lip-gloss,too-faced-lip-injection-lip-gloss,too-faced,alta,gloss
https://inkeedecoder.com/products/too-faced-lip-injection-liquid-lipstick,too-faced-lip-injection-liquid-lipstick,too-faced,alta,liquido
https://inkeedecoder.com/products/too-faced-lip-injection-maximum-plump-extra-strength-lip-plumper,too-faced-lip-injection-maximum-plump-extra-strength-lip-plumper,too-faced,alta,gloss
https://inkeedecoder.com/products/wet-n-wild-buzz-buzz-hunny-lip-gloss-bee-nice,wet-n-wild-buzz-buzz-hunny-lip-gloss-bee-nice,wet-n-wild,economica,gloss
https://inkeedecoder.com/products/wet-n-wild-chameleon-chrome-lip-foil-halos-way,wet-n-wild-chameleon-chrome-lip-foil-halos-way,wet-n-wild,economica,sin_clasificar
https://inkeedecoder.com/products/wet-n-wild-cloud-pout-marshmallow-lip-mousse,wet-n-wild-cloud-pout-marshmallow-lip-mousse,wet-n-wild,economica,liquido
https://inkeedecoder.com/products/wet-n-wild-color-icon-lipliner,wet-n-wild-color-icon-lipliner,wet-n-wild,economica,delineador
https://inkeedecoder.com/products/wet-n-wild-jelly-drip-lip-glaze-blush-guava,wet-n-wild-jelly-drip-lip-glaze-blush-guava,wet-n-wild,economica,sin_clasificar
https://inkeedecoder.com/products/wet-n-wild-lip-oil,wet-n-wild-lip-oil,wet-n-wild,economica,gloss
https://inkeedecoder.com/products/wet-n-wild-lip-oil-injector-plumping-lip-oil-shimmer-me-baby,wet-n-wild-lip-oil-injector-plumping-lip-oil-shimmer-me-baby,wet-n-wild,economica,gloss
https://inkeedecoder.com/products/wet-n-wild-lip-treatment,wet-n-wild-lip-treatment,wet-n-wild,economica,balsamo
https://inkeedecoder.com/products/wet-n-wild-mega-glitter-shimmer-liquid-lipstick-hear-me-out,wet-n-wild-mega-glitter-shimmer-liquid-lipstick-hear-me-out,wet-n-wild,economica,liquido
https://inkeedecoder.com/products/wet-n-wild-mega-glo-lip-cheek-color,wet-n-wild-mega-glo-lip-cheek-color,wet-n-wild,economica,barra
https://inkeedecoder.com/products/wet-n-wild-mega-inky-lip-color-bare-intentions,wet-n-wild-mega-inky-lip-color-bare-intentions,wet-n-wild,economica,barra
https://inkeedecoder.com/products/wet-n-wild-mega-last-lip-color,wet-n-wild-mega-last-lip-color,wet-n-wild,economica,barra
https://inkeedecoder.com/products/wet-n-wild-mega-last-matte-lip-color,wet-n-wild-mega-last-matte-lip-color,wet-n-wild,economica,barra
https://inkeedecoder.com/products/wet-n-wild-megalast-high-shine-lip-color,wet-n-wild-megalast-high-shine-lip-color,wet-n-wild,economica,gloss
https://inkeedecoder.com/products/wet-n-wild-megalast-liquid-catsuit-high-shine-lipstick,wet-n-wild-megalast-liquid-catsuit-high-shine-lipstick,wet-n-wild,economica,gloss
https://inkeedecoder.com/products/wet-n-wild-megalast-lock-n-shine-lip-color-gloss,wet-n-wild-megalast-lock-n-shine-lip-color-gloss,wet-n-wild,economica,gloss
https://inkeedecoder.com/products/wet-n-wild-megaslicks-lip-gloss,wet-n-wild-megaslicks-lip-gloss,wet-n-wild,economica,gloss
https://inkeedecoder.com/products/wet-n-wild-perfect-pout-gel-lip-liner,wet-n-wild-perfect-pout-gel-lip-liner,wet-n-wild,economica,delineador
https://inkeedecoder.com/products/wet-n-wild-perfect-pout-gel-lip-liner-lay-down-the-mauves,wet-n-wild-perfect-pout-gel-lip-liner-lay-down-the-mauves,wet-n-wild,economica,delineador
https://inkeedecoder.com/products/wet-n-wild-perfect-pout-lip-color,wet-n-wild-perfect-pout-lip-color,wet-n-wild,economica,barra
https://inkeedecoder.com/products/wet-n-wild-perfect-pout-lip-liner-stain-spilled-wine,wet-n-wild-perfect-pout-lip-liner-stain-spilled-wine,wet-n-wild,economica,delineador
https://inkeedecoder.com/products/wet-n-wild-perfect-pout-lip-treatment,wet-n-wild-perfect-pout-lip-treatment,wet-n-wild,economica,balsamo
https://inkeedecoder.com/products/wet-n-wild-rose-comforting-lip-color,wet-n-wild-rose-comforting-lip-color,wet-n-wild,economica,barra
https://inkeedecoder.com/products/wet-n-wild-silk-finish-lipstick,wet-n-wild-silk-finish-lipstick,wet-n-wild,economica,barra
https://inkeedecoder.com/products/wet-n-wild-soft-blur-matte-lipstick,wet-n-wild-soft-blur-matte-lipstick,wet-n-wild,economica,barra
https://inkeedecoder.com/products/wet-n-wild-spongebob-squarepants-bikini-bottom-cooling-lip-oil,wet-n-wild-spongebob-squarepants-bikini-bottom-cooling-lip-oil,wet-n-wild,economica,gloss
