slug,marca,deteccion,formato
catrice-iconails-gel-lacquer-10-rosewood-hills,catrice,contextual,gloss
catrice-iconails-gel-lacquer-120,catrice,contextual,gloss
catrice-iconails-gel-lacquer-124,catrice,contextual,gloss
catrice-iconails-gel-lacquer-134,catrice,contextual,gloss
catrice-iconails-gel-lacquer-136,catrice,contextual,gloss
catrice-iconails-gel-lacquer-142,catrice,contextual,gloss
catrice-iconails-gel-lacquer-146,catrice,contextual,gloss
catrice-iconails-gel-lacquer-149,catrice,contextual,gloss
catrice-iconails-gel-lacquer-158,catrice,contextual,gloss
catrice-iconails-gel-lacquer-164,catrice,contextual,gloss
catrice-iconails-gel-lacquer-172,catrice,contextual,gloss
catrice-iconails-gel-lacquer-174,catrice,contextual,gloss
catrice-iconails-gel-lacquer-176,catrice,contextual,gloss
catrice-iconails-gel-lacquer-51,catrice,contextual,gloss
chanel-poudre-de-mousse-nettoyante-au-camelia-rouge,chanel,contextual,liquido
chanel-serum-revitalisant-au-camelia-rouge,chanel,contextual,balsamo
essence-extreme-gel-gloss-top-coat,essence,contextual,gloss
kiko-milano-gloss-supreme-contour-pro-bronzer,kiko,contextual,delineador
loreal-casting-creme-gloss,loreal,contextual,gloss
loreal-casting-creme-gloss-conditioning-colour,loreal,contextual,gloss
loreal-elseve-glycolic-gloss-conditioner-2,loreal,contextual,gloss
loreal-elseve-glycolic-gloss-mask,loreal,contextual,mascarilla
loreal-elvive-glycolic-gloss-5-minute-lamination-rinse-off,loreal,contextual,gloss
loreal-elvive-glycolic-gloss-conditioner,loreal,contextual,gloss
loreal-elvive-glycolic-gloss-leave-in-serum,loreal,contextual,gloss
loreal-elvive-nutri-gloss-luminiser-high-shine-conditioner,loreal,contextual,gloss
loreal-elvive-nutri-gloss-mirror-shine-conditioner,loreal,contextual,gloss
loreal-elvive-nutri-gloss-shine-conditioner,loreal,contextual,gloss
loreal-glycolic-and-gloss-high-shine-leave-serum,loreal,contextual,gloss
loreal-glycolic-gloss-acidifier-spray,loreal,contextual,gloss
loreal-glycolic-gloss-shine-sealing-conditioner,loreal,contextual,gloss
loreal-paris-casting-creme-gloss,loreal,contextual,gloss
loreal-paris-elvive-glycolic-gloss-acondicionador,loreal,contextual,gloss
loreal-paris-glycolic-gloss-extension-serum,loreal,contextual,gloss
loreal-paris-le-color-gloss,loreal,contextual,gloss
loreal-serum-extension-de-brillo-glycolic-gloss,loreal,contextual,gloss
makeup-revolution-revolution-blusher-reloaded-rouge-violet-love,revolution,contextual,barra
revolution-haircare-argan-oil-anti-frizz-serum-high-gloss-finish,revolution,contextual,aceite
revolution-haircare-vitamin-c-shine-gloss-conditioner,revolution,contextual,gloss
yves-saint-laurent-or-rouge-cleansing-cream,yves-saint-laurent,contextual,desmaquillante
yves-saint-laurent-or-rouge-creme,yves-saint-laurent,contextual,liquido
yves-saint-laurent-or-rouge-creme-regard,yves-saint-laurent,contextual,liquido
yves-saint-laurent-or-rouge-creme-riche,yves-saint-laurent,contextual,liquido
yves-saint-laurent-or-rouge-fluid,yves-saint-laurent,contextual,barra
yves-saint-laurent-or-rouge-le-serum,yves-saint-laurent,contextual,balsamo
yves-saint-laurent-or-rouge-lhuile,yves-saint-laurent,contextual,barra
yves-saint-laurent-or-rouge-lotion,yves-saint-laurent,contextual,barra
yves-saint-laurent-or-rouge-mask-in-creme,yves-saint-laurent,contextual,mascarilla
yves-saint-laurent-or-rouge-oil,yves-saint-laurent,contextual,aceite
yves-saint-laurent-or-rouge-serum,yves-saint-laurent,contextual,balsamo
