id_observacion,marca,formato,producto_observado,claves_linea,tienda,canal,incluida,motivo_exclusion,moneda,precio_regular,precio_oferta,tamano,par_diferencial,url,fecha_consulta
O001,Dior,balsamo,Dior Addict Lip Glow,dior::addict-lip-glow|dior::lip-glow,Sephora MX,Minorista en México,True,,MXN,970.0,,,,https://www.sephora.com.mx/products-9090749150.html,2026-09-28
O002,Dior,aceite,Dior Addict Lip Glow Oil,dior::lip-glow-oil,Sephora MX,Minorista en México,True,,MXN,970.0,,,,https://www.sephora.com.mx/products-88995313.html,2026-09-28
O003,Dior,balsamo,Dior Addict Lip Glow Butter,dior::addict-lip-glow-butter|dior::lip-glow-butter-hydrating-gloss-balm,Sephora MX,Minorista en México,True,,MXN,970.0,,,,https://www.sephora.com.mx/products-9090766337.html,2026-09-28
O004,Dior,barra,Dior Addict Lipstick,dior::addict-lipstick,Sephora MX,Minorista en México,True,,MXN,1010.0,,3.2 g,,https://www.sephora.com.mx/products-9090581136.html,2026-09-28
O005,Dior,gloss,Dior Addict Lip Maximizer,dior::addict-lip-maximizer|dior::lip-maximizer,Sephora MX,Minorista en México,True,,MXN,970.0,,6 ml,,https://www.sephora.com.mx/products-88990738.html,2026-09-28
O006,Dior,barra,Rouge Dior Lipstick,dior::rouge-dior|dior::rouge-dior-lipstick,Sephora MX,Minorista en México,True,,MXN,940.0,,,,https://www.sephora.com.mx/products-PRD48645.html,2026-09-28
O007,Dior,liquido,Rouge Dior Forever (labial líquido),dior::rouge-dior-forever-liquid|dior::rouge-dior-forever-liquid-lacquer-lipstick,Sephora MX,Minorista en México,True,,MXN,1010.0,,,,https://www.sephora.com.mx/products-33330547.html,2026-09-28
O008,Dior,barra,Rouge Dior On Stage Shine,dior::rouge-dior-on-stage,Sephora MX,Minorista en México,True,,MXN,1010.0,,,,https://www.sephora.com.mx/products-88994480.html,2026-09-28
O009,Dior,barra,Rouge Dior (labial mate rouge),dior::rouge-dior|dior::rouge-dior-lipstick,Liverpool,Minorista en México,True,,MXN,1010.0,,,,https://www.liverpool.com.mx/tienda/lipsticks/CATST12425381,2026-09-28
O010,Dior,barra,Dior labial mate,,Liverpool,Minorista en México,True,,MXN,990.0,,,,https://www.liverpool.com.mx/tienda/lipsticks/CATST12425381,2026-09-28
O011,Dior,gloss,Dior Addict Lip Maximizer,dior::addict-lip-maximizer|dior::lip-maximizer,Liverpool,Minorista en México,True,,MXN,970.0,,,,https://www.liverpool.com.mx/tienda/lipsticks/CATST12425381,2026-09-28
O012,Dior,aceite,Dior Addict Lip Glow Oil,dior::lip-glow-oil,Liverpool,Minorista en México,True,,MXN,970.0,,,,https://www.liverpool.com.mx/tienda/lipsticks/CATST12425381,2026-09-28
O013,Dior,balsamo,Dior Addict Lip Glow Butter,dior::addict-lip-glow-butter|dior::lip-glow-butter-hydrating-gloss-balm,Liverpool,Minorista en México,True,,MXN,970.0,,,,https://www.liverpool.com.mx/tienda/lipsticks/CATST12425381,2026-09-28
O014,MAC,barra,Retro Matte Lipstick,mac::retro-matte-lipstick-in-ruby-woo,Sephora MX,Minorista en México,True,,MXN,490.0,,3 g,,https://www.sephora.com.mx/products/mac-retro-matte-lipstick-13452.html,2026-09-28
O015,MAC,barra,Retro Matte Lipstick,mac::retro-matte-lipstick-in-ruby-woo,Ulta Beauty MX,Minorista en México,True,,MXN,490.0,,3 g,,https://www.ulta.com.mx/p/retro-matte-lipstick-labial-mate-formula-de-larga-duracion-color-intenso-mate-773602314775-1,2026-09-28
O016,MAC,barra,M·A·Cximal Silky Matte Lipstick,mac::m-a-cximal-silky-matte-lipstick,Ulta Beauty MX,Minorista en México,True,,MXN,490.0,,3.5 g,,https://www.ulta.com.mx/p/macximal-silky-matte-lipstick-labial-mate-sedoso-hidratante-confortable-773602684823-1,2026-09-28
O017,MAC,barra,Lustreglass Sheer-Shine Lipstick,mac::lustreglass-sheer-shine-lipstick,Ulta Beauty MX,Minorista en México,True,,MXN,540.0,,,,https://www.ulta.com.mx/p/lustreglass-sheer-shine-lipstick-labial-acabado-luminoso-hidratante-suave-773602609772-1,2026-09-28
O018,MAC,barra,Locked Kiss 24hr Lipstick,,Ulta Beauty MX,Minorista en México,True,,MXN,680.0,,,,https://www.ulta.com.mx/p/mac-locked-kiss-24-hrs-lipstick-labial-color-intenso-mate-confortable-773602679287-1,2026-09-28
O019,MAC,barra,Powder Kiss Lipstick,mac::powder-kiss-lipstick,Ulta Beauty MX,Minorista en México,True,,MXN,520.0,,3 g,,https://www.ulta.com.mx/p/powder-kiss-lipstick-labial-color-intenso-efecto-balsamo-773602588756-1,2026-09-28
O020,MAC,barra,Powder Kiss Lipstick,mac::powder-kiss-lipstick,Liverpool,Minorista en México,True,,MXN,520.0,,,,https://www.liverpool.com.mx/tienda/lipsticks/CATST12425381,2026-09-28
O021,MAC,tinte,Lustreglass Stainglass Lip Tint,mac::lustreglass-stainglass-lip-tint,Sephora MX,Minorista en México,True,,MXN,390.0,,,,https://www.sephora.com.mx/products-88996576.html,2026-09-28
O022,MAC,delineador,Lip Pencil,mac::lip-pencil,Ulta Beauty MX,Minorista en México,True,,MXN,460.0,,,,https://www.ulta.com.mx/p/lip-pencil-lapiz-delineador-de-labios-define-delinea-rellena-773602001972-1,2026-09-28
O023,MAC,gloss,Lipglass Air Non-Sticky Gloss,mac::lipglass-air-non-sticky-gloss,Ulta Beauty MX,Minorista en México,True,,MXN,420.0,,5 ml,,https://www.ulta.com.mx/p/lipglass-air-non-sticky-gloss-773602753550-1,2026-09-28
O024,MAC,gloss,Lipglass,mac::lipglass,Liverpool,Minorista en México,True,,MXN,390.0,,,,https://www.liverpool.com.mx/tienda/lipsticks/CATST12425381,2026-09-28
O025,MAC,liquido,Retro Matte Liquid Lipcolour,,Liverpool,Minorista en México,True,,MXN,490.0,,,,https://www.liverpool.com.mx/tienda/lipsticks/CATST12425381,2026-09-28
O026,MAC,barra,M·A·Cximal Silky Matte Mini,,Liverpool,Minorista en México,False,Presentación mini,MXN,290.0,,,,https://www.liverpool.com.mx/tienda/lipsticks/CATST12425381,2026-09-28
O027,Charlotte Tilbury,barra,Matte Revolution,charlotte-tilbury::matte-revolution-lipsticks|charlotte-tilbury::matte-revolution-lipstick,Sephora MX,Minorista en México,True,,MXN,830.0,,,,https://sephora.com.mx/products-88993742.html,2026-09-28
O028,Charlotte Tilbury,delineador,Lip Cheat,charlotte-tilbury::lip-cheat-liner,Sephora MX,Minorista en México,True,,MXN,620.0,,,,https://www.sephora.com.mx/products-88993737.html,2026-09-28
O029,Charlotte Tilbury,gloss,Superstar Lips,charlotte-tilbury::superstar-lips,Sephora MX,Minorista en México,True,,MXN,830.0,,,,https://www.sephora.com.mx/products-88993752.html,2026-09-28
O030,Charlotte Tilbury,gloss,Plumpgasm Pillow Talk,charlotte-tilbury::big-lip-plumpgasm,Sephora MX,Minorista en México,True,,MXN,830.0,,,,https://www.sephora.com.mx/products-88993751.html,2026-09-28
O031,Chanel,balsamo,N°1 de Chanel Bálsamo para labios y mejillas,chanel::ndeg1-de-chanel-lip-and-cheek-balm|chanel::lip-and-cheek-balm,Liverpool,Minorista en México,True,,MXN,1100.0,,,,https://www.liverpool.com.mx/tienda/las-barras-de-labios/catst1797346,2026-09-28
O032,Chanel,barra,Rouge Allure Velvet,chanel::rouge-allure-velvet-extreme|chanel::rouge-allure-velvet-luminous-matte-lip-colour,Liverpool,Minorista en México,True,,MXN,1100.0,,,,https://www.liverpool.com.mx/tienda/las-barras-de-labios/catst1797346,2026-09-28
O033,Chanel,barra,Rouge Allure Velvet (presentación mayor),chanel::rouge-allure-velvet-extreme|chanel::rouge-allure-velvet-luminous-matte-lip-colour,Liverpool,Minorista en México,True,,MXN,1210.0,,,,https://www.liverpool.com.mx/tienda/las-barras-de-labios/catst1797346,2026-09-28
O034,Chanel,barra,Rouge Allure L'Extrait,chanel::rouge-allure-lextrait,Liverpool,Minorista en México,True,,MXN,1280.0,,,,https://www.liverpool.com.mx/tienda/las-barras-de-labios/catst1797346,2026-09-28
O035,Chanel,barra,Rouge Coco,chanel::rouge-coco-ultra-hydrating-lip-color,Liverpool,Minorista en México,True,,MXN,1100.0,,,,https://www.liverpool.com.mx/tienda/las-barras-de-labios/catst1797346,2026-09-28
O036,Chanel,balsamo,Rouge Coco Baume,chanel::rouge-coco-baume|chanel::rouge-coco-baume-shine,Liverpool,Minorista en México,True,,MXN,970.0,,,,https://www.liverpool.com.mx/tienda/las-barras-de-labios/catst1797346,2026-09-28
O037,Chanel,liquido,Rouge Allure Liquid Velvet,,Liverpool,Minorista en México,True,,MXN,1100.0,,,,https://www.liverpool.com.mx/tienda/las-barras-de-labios/catst1797346,2026-09-28
O038,Chanel,balsamo,Les Beiges Bálsamo Labial,chanel::les-beiges-healthy-glow-lip-balm,Liverpool,Minorista en México,True,,MXN,930.0,,,,https://www.liverpool.com.mx/tienda/las-barras-de-labios/catst1797346,2026-09-28
O039,Chanel,gloss,Rouge Coco Gloss,chanel::rouge-coco-gloss-moisturizing-glossimer,Liverpool,Minorista en México,True,,MXN,970.0,,,,https://www.liverpool.com.mx/tienda/las-barras-de-labios/catst1797346,2026-09-28
O040,Chanel,barra,Rouge Coco Flash,chanel::rouge-coco-flash,Liverpool,Minorista en México,True,,MXN,1100.0,970.0,,,https://www.liverpool.com.mx/tienda/las-barras-de-labios/catst1797346,2026-09-28
O041,Chanel,liquido,Rouge Allure Laque,chanel::rouge-allure-laque-ultrawear-shine-liquid-lip-colour,Liverpool,Minorista en México,True,,MXN,1100.0,,,,https://www.liverpool.com.mx/tienda/las-barras-de-labios/catst1797346,2026-09-28
O042,Chanel,liquido,Rouge Allure Laque (presentación mayor),chanel::rouge-allure-laque-ultrawear-shine-liquid-lip-colour,Liverpool,Minorista en México,True,,MXN,1190.0,,,,https://www.liverpool.com.mx/tienda/las-barras-de-labios/catst1797346,2026-09-28
O043,Chanel,barra,Rouge Coco Bloom,chanel::rouge-coco-bloom,Liverpool,Minorista en México,True,,MXN,1100.0,,,,https://www.liverpool.com.mx/tienda/las-barras-de-labios/catst1797346,2026-09-28
O044,Chanel,barra,Rouge Allure,chanel::rouge-allure,Liverpool,Minorista en México,True,,MXN,1100.0,,,,https://www.liverpool.com.mx/tienda/pdp/chanel-rouge-allure/1052502758,2026-09-28
O045,Chanel,delineador,Le Crayon Lèvres,,Liverpool,Minorista en México,True,,MXN,790.0,,,,https://www.liverpool.com.mx/tienda/las-barras-de-labios/catst1797346,2026-09-28
O046,Chanel,barra,Rouge Allure L'Extrait (recarga),,Liverpool,Minorista en México,False,Recarga,MXN,970.0,,,,https://www.liverpool.com.mx/tienda/las-barras-de-labios/catst1797346,2026-09-28
O047,Benefit,tinte,Benetint 6 ml,benefit::benetint-liquid-lip-cheek-stain,Sephora MX,Minorista en México,True,,MXN,530.0,,6 ml,,https://www.sephora.com.mx/products/benefit-cosmetics-benetint-tinte-de-labios-17189.html,2026-09-28
O048,Benefit,tinte,Benetint Cheek & Lip Stain 10 ml,benefit::benetint-liquid-lip-cheek-stain,Sephora MX,Minorista en México,True,,MXN,720.0,,10 ml,,https://www.sephora.com.mx/products/benefit-cosmetics-posie-tint-7649.html,2026-09-28
O049,Fenty Beauty,gloss,Gloss Bomb Universal Lip Luminizer,fenty-beauty::gloss-bomb|fenty-beauty::by-rihanna-gloss-bomb-universal-lip-luminizer,Sephora MX,Minorista en México,True,,MXN,525.0,,9 ml,,https://www.sephora.com.mx/products/fenty-gloss-bomb-universal-lip-luminizer-11954.html,2026-09-28
O050,Fenty Beauty,gloss,Gloss Bomb Ice Cooling Lip Luminizer,fenty-beauty::gloss-bomb-ice-cooling-lip-luminizer,Sephora MX,Minorista en México,True,,MXN,625.0,,,,https://www.sephora.com.mx/products-88990555.html,2026-09-28
O051,Fenty Beauty,gloss,Gloss Bomb Stix,fenty-beauty::gloss-bomb-stix-high-shine-gloss-stick,Sephora MX,Minorista en México,True,,MXN,585.0,,,,https://www.sephora.com.mx/products-9090724482.html,2026-09-28
O052,Fenty Beauty,gloss,Gloss Bomb Heat,fenty-beauty::gloss-bomb-heat-universal-lip-luminizer-plumper,Sephora MX,Minorista en México,True,,MXN,625.0,,,,https://www.sephora.com.mx/products-556046.html,2026-09-28
O053,Fenty Beauty,gloss,Gloss Bomb Cream,fenty-beauty::gloss-bomb-cream-color-drip-lip-cream,Sephora MX,Minorista en México,True,,MXN,575.0,,,,https://www.sephora.com.mx/products-55990238.html,2026-09-28
O054,Fenty Beauty,tinte,Poutsicle Hydrating Lip Stain,fenty-beauty::poutsicle-hydrating-lip-stain,Sephora MX,Minorista en México,True,,MXN,600.0,,6.5 ml,,https://www.sephora.com.mx/products-9090669179.html,2026-09-28
O055,Too Faced,gloss,Lip Injection Maximum Plump,too-faced::lip-injection-maximum-plump-extra-strength-lip-plumper,Sephora MX,Minorista en México,True,,MXN,780.0,,4 g,,https://www.sephora.com.mx/products-33330027.html,2026-09-28
O056,Too Faced,gloss,Lip Injection Lip Gloss,too-faced::lip-injection-lip-gloss,Sephora MX,Minorista en México,True,,MXN,760.0,,,,https://www.sephora.com.mx/products-33330028.html,2026-09-28
O057,Too Faced,gloss,Lip Injection Extreme Lip Plumper,too-faced::lip-injection-extreme-lip-plumper|too-faced::lip-injection-extreme,Sephora MX,Minorista en México,True,,MXN,760.0,,,,https://www.sephora.com.mx/products/too-faced-lip-injection-extreme-8254.html,2026-09-28
O058,Too Faced,aceite,Kissing Jelly Hydrating Lip Oil Gloss,too-faced::kissing-jelly-hydrating-lip-oil-gloss,Sephora MX,Minorista en México,True,,MXN,550.0,,4.5 ml,,https://www.sephora.com.mx/products-88991716.html,2026-09-28
O059,Too Faced,gloss,Lip Injection Extreme (tamaño de viaje),,Sephora MX,Minorista en México,False,Tamaño de viaje,MXN,490.0,,4 ml,,https://www.sephora.com.mx/products/too-faced-lip-injection-extreme-lip-plumper-17364.html,2026-09-28
O060,Laneige,balsamo,Lip Glowy Balm,laneige::lip-glowy-balm|laneige::gummy-bear-lip-balm,Sephora MX,Minorista en México,True,,MXN,480.0,,,,https://www.sephora.com.mx/products-88991988.html,2026-09-28
O061,Laneige,balsamo,Lip Sleeping Mask,,Sephora MX,Minorista en México,True,,MXN,610.0,,20 g,,https://www.sephora.com.mx/products-33990785.html,2026-09-28
O062,Laneige,gloss,Glaze Craze Tinted Lip Serum,laneige::glaze-craze-tinted-lip-serum,Sephora MX,Minorista en México,True,,MXN,520.0,,,,https://www.sephora.com.mx/products-88993377.html,2026-09-28
O063,Laneige,balsamo,Bouncy & Firm Lip Treatment,laneige::bouncy-firm-lip-treatment,Sephora MX,Minorista en México,True,,MXN,665.0,,12 g,,https://www.sephora.com.mx/products-88992204.html,2026-09-28
O064,Clinique,barra,Almost Lipstick Black Honey,clinique::almost-lipstick,Ulta Beauty MX,Minorista en México,True,,MXN,499.0,,,,https://www.ulta.com.mx/p/almost-lipstick-black-honey-balsamo-labial-192333330203,2026-09-28
O065,Clinique,balsamo,Chubby Stick Moisturizing Lip Colour Balm,clinique::chubby-stick-tm-moisturizing-lip-colour-balm|clinique::chubby-stick-moisturizing-lip-colour-balm-whole-lotta-honey,Ulta Beauty MX,Minorista en México,True,,MXN,499.0,,3 g,,https://www.ulta.com.mx/p/chubby-stick-moisturizing-lip-colour-balm-labial-020714445324-1,2026-09-28
O066,Clinique,barra,Pop Longwear Lipstick,clinique::pop-longwear-lipstick,Ulta Beauty MX,Minorista en México,True,,MXN,499.0,,,,https://www.ulta.com.mx/p/pop-longwear-lipstick-matte-labial-color-intenso-que-favorece-la-tonalidad-de-tu-piel-192333148181-1,2026-09-28
O067,Clinique,gloss,Pop Plush Creamy Lip Gloss,clinique::pop-plush-creamy-lip-gloss,Ulta Beauty MX,Minorista en México,True,,MXN,499.0,,3.4 g,,https://www.ulta.com.mx/p/clinique-pop-plush-creamy-lip-gloss-ultrajugoso-de-larga-duracion-192333142875-1,2026-09-28
O068,NYX,liquido,Lip Lingerie XXL Matte Liquid Lipstick,nyx::lip-lingerie-xxl-matte-liquid-lipstick,Ulta Beauty MX,Minorista en México,True,,MXN,239.0,,,,https://www.ulta.com.mx/p/lip-lingerie-xxl-labial-liquido-mate-de-larga-duracion-on-fuego-800897132156,2026-09-28
O069,NYX,liquido,Lip Lingerie XXL Matte Liquid Lipstick,nyx::lip-lingerie-xxl-matte-liquid-lipstick,Liverpool,Minorista en México,True,,MXN,350.0,297.5,,,https://www.liverpool.com.mx/tienda/lipsticks/CATST12425381,2026-09-28
O070,NYX,gloss,Butter Gloss,nyx::butter-gloss|nyx::butter-gloss-non-sticky-lip-gloss,Ulta Beauty MX,Minorista en México,True,,MXN,209.0,,,,https://www.ulta.com.mx/p/butter-gloss-brillo-de-labios-acabado-natural-brilloso-800897818463-1,2026-09-28
O071,NYX,aceite,Fat Oil Lip Drip,nyx::fat-oil-lip-drip,Ulta Beauty MX,Minorista en México,True,,MXN,299.0,,,,https://www.ulta.com.mx/p/fat-oil-brillo-de-labios-lo-tiene-todo-800897233914-1,2026-09-28
O072,NYX,aceite,Fat Oil Lip Drip,nyx::fat-oil-lip-drip,Liverpool,Minorista en México,True,,MXN,300.0,210.0,,,https://www.liverpool.com.mx/tienda/lipsticks/CATST12425381,2026-09-28
O073,NYX,delineador,Lip Lingerie Lip Liner Stain,nyx::lip-lingerie-lip-liner-stain,Ulta Beauty MX,Minorista en México,True,,MXN,239.0,,1 ml,,https://www.ulta.com.mx/p/lip-lingerie-liner-delineador-para-labios-con-color-durante-todo-el-dia-800897274979-1,2026-09-28
O074,NYX,gloss,Jelly Job Lip Gloss,nyx::jelly-job-lip-gloss,Walmart MX,Minorista en México,True,,MXN,249.0,,8 ml,,https://www.walmart.com.mx/browse/belleza/maquillaje-de-labios/labiales-y-tintas/930017_970012_264524,2026-09-28
O075,NYX,gloss,Lip I.V. Hydrating Gloss Stain,nyx::lip-i-v-hydrating-lip-gloss-stain,Liverpool,Minorista en México,True,,MXN,240.0,168.0,,,https://www.liverpool.com.mx/tienda/lipsticks/CATST12425381,2026-09-28
O076,NYX,balsamo,Smushy Matte Lip Balm,nyx::smushy-matte-lip-balm,Liverpool,Minorista en México,True,,MXN,230.0,161.0,8 ml,,https://www.liverpool.com.mx/tienda/lipsticks/CATST12425381,2026-09-28
O077,NYX,delineador,Duck Plump Liner,nyx::duck-plump-retractable-plumping-lip-liner,Liverpool,Minorista en México,True,,MXN,220.0,154.0,,,https://www.liverpool.com.mx/tienda/lipsticks/CATST12425381,2026-09-28
O078,NYX,liquido,Shine Loud Pro Pigment Lip Shine,nyx::shine-loud-pro-pigment-lip-shine,Liverpool,Minorista en México,True,,MXN,380.0,323.0,,,https://www.liverpool.com.mx/tienda/lipsticks/CATST12425381,2026-09-28
O079,Maybelline,liquido,Super Stay Matte Ink,maybelline::superstay-matte-ink-liquid-lipstick,Ulta Beauty MX,Minorista en México,True,,MXN,259.0,249.0,5 ml,,https://www.ulta.com.mx/p/super-stay-matte-ink-labial-liquido-dura-hasta-por-16-horas-041554496901-1,2026-09-28
O080,Maybelline,liquido,Super Stay Matte Ink,maybelline::superstay-matte-ink-liquid-lipstick,Walmart MX,Minorista en México,True,,MXN,259.0,175.0,5 ml,,https://www.walmart.com.mx/c/ftp/maybelline-belleza,2026-09-28
O081,Maybelline,liquido,Super Stay Matte Ink,maybelline::superstay-matte-ink-liquid-lipstick,Liverpool,Minorista en México,True,,MXN,261.0,,,,https://www.liverpool.com.mx/tienda/lipsticks/CATST12425381,2026-09-28
O082,Maybelline,liquido,Super Stay Vinyl Ink,maybelline::super-stay-r-vinyl-ink-longwear-liquid-lipcolor|maybelline::lippenstift-super-stay-vinly-ink,Ulta Beauty MX,Minorista en México,True,,MXN,279.0,,,,https://www.ulta.com.mx/p/superstay-vinyl-ink-labial-liquido-dura-hasta-por-16-horas-041554070958-1,2026-09-28
O083,Maybelline,liquido,Super Stay Vinyl Ink,maybelline::super-stay-r-vinyl-ink-longwear-liquid-lipcolor|maybelline::lippenstift-super-stay-vinly-ink,Walmart MX,Minorista en México,True,,MXN,,175.0,4.2 ml,,https://www.walmart.com.mx/browse/belleza/maquillaje-de-labios/labiales-y-tintas/930017_970012_264524,2026-09-28
O084,Maybelline,tinte,Super Stay Teddy Tint,maybelline::super-stay-teddy-tint,Ulta Beauty MX,Minorista en México,True,,MXN,275.0,,,,https://www.ulta.com.mx/p/super-stay-teddy-tint-tinta-para-labios-hasta-12-horas-de-duracion-041554089059-1,2026-09-28
O085,Maybelline,tinte,Super Stay Teddy Tint,maybelline::super-stay-teddy-tint,Liverpool,Minorista en México,True,,MXN,275.0,,,,https://www.liverpool.com.mx/tienda/lipsticks/CATST12425381,2026-09-28
O086,Maybelline,gloss,Lifter Gloss,maybelline::lifter-gloss|maybelline::lifter-gloss-r-lip-gloss,Ulta Beauty MX,Minorista en México,True,,MXN,249.0,239.0,5.4 g,,https://www.ulta.com.mx/p/lifter-gloss-brillo-de-labios-4-horas-de-hidratacion-brillo-041554085372-1,2026-09-28
O087,Maybelline,balsamo,Baby Lips Bálsamo Labial,maybelline::baby-lips|maybelline::baby-lips-lip-balm-anti-oxidant-berry|maybelline::baby-lips-pink-lolita-lip-balm|maybelline::baby-lips-dr-rescue-r-medicated-lip-balm|maybelline::baby-lips-bloom-color-changing-lip-balm-pink-bloom,Sanborns,Minorista en México,True,,MXN,145.0,101.0,,,https://www.sanborns.com.mx/producto/141084/balsamo-labial-baby-lips-maybelline-25-refreshing-red,2026-09-28
O088,Maybelline,balsamo,"Baby Lips (paquete de 3, importación)",,Walmart MX,Vendedor externo o importador,False,Vendedor externo de importación (Nocnoc),MXN,819.0,,3 piezas,,https://www.walmart.com.mx/ip/balsamo-labial-maybelline-baby-lips-pack-3-cuidado-esencial-3-tonos-varios-0-15-oz/00004155454930,2026-09-28
O089,L'Oreal,barra,Color Riche Intense Volume Matte,loreal::color-riche-intense-volume-matte-slim-lipstick,Ulta Beauty MX,Minorista en México,True,,MXN,229.0,199.0,,,https://www.ulta.com.mx/p/color-riche-intense-volume-mate-labial-en-barra-con-acido-hialuronico-30144514-1,2026-09-28
O090,L'Oreal,liquido,Infallible Matte Resistance,loreal::matte-resistance-liquid-lipstick,Walmart MX,Minorista en México,True,,MXN,353.9,,5 ml,,https://www.walmart.com.mx/browse/belleza/maquillaje-de-labios/labiales-y-tintas/930017_970012_264524,2026-09-28
O091,e.l.f.,aceite,Glow Reviver Lip Oil,elf::glow-reviver-lip-oil,Sephora MX,Minorista en México,True,,MXN,270.0,,,,https://www.sephora.com.mx/dior/,2026-09-28
O092,e.l.f.,aceite,Glow Reviver Lip Oil Glimmer,elf::glow-reviver-lip-oil-glimmer,Ulta Beauty MX,Minorista en México,True,,MXN,260.0,,,,https://www.ulta.com.mx/p/elf-glow-reviver-lip-oil-glimmer-aceite-labial-ultra-brillante-con-destellos-609332830455-1,2026-09-28
O093,e.l.f.,balsamo,Squeeze Me Lip Balm,elf::squeeze-me-lip-balm,Ulta Beauty MX,Minorista en México,True,,MXN,145.0,,,,https://www.ulta.com.mx/p/elf-squeeze-me-lip-balm-balsamo-labial-hidratante-609332819580-1,2026-09-28
O094,e.l.f.,gloss,Lip Lacquer,elf::lip-lacquer,Ulta Beauty MX,Minorista en México,True,,MXN,115.0,,2.6 ml,,https://www.ulta.com.mx/p/elf-lip-lacquer-brillo-labial-transparente-no-pegajoso-609332221819,2026-09-28
O095,e.l.f.,gloss,Lip Plumping Gloss,elf::lip-plumping-gloss,Ulta Beauty MX,Minorista en México,True,,MXN,230.0,,,,https://www.ulta.com.mx/p/elf-lip-plumping-gloss-gloss-labial-de-brillo-intenso-que-aumenta-el-volumen-de-los-labios-con-un-cosquilleo-refrescante-609332824539-1,2026-09-28
O096,e.l.f.,tinte,Glossy Lip Stain,elf::glossy-lip-stain,Ulta Beauty MX,Minorista en México,True,,MXN,195.0,,3 ml,,https://www.ulta.com.mx/p/elf-glossy-lip-stain-tinte-de-labios-609332816817-1,2026-09-28
O097,e.l.f.,barra,O Face Satin Lipstick (importación),,Walmart MX,Vendedor externo o importador,False,Vendedor externo de importación (Nocnoc),MXN,491.0,449.0,,,https://www.walmart.com.mx/ip/lapiz-labial-e-l-f-o-face-satin-ricamente-pigmentado-own-it/00060933281797,2026-09-28
O098,essence,delineador,8h Matte Comfort Lipliner,essence::8h-matte-comfort-lipliner,Ulta Beauty MX,Minorista en México,True,,MXN,50.0,40.0,0.3 g,,https://www.ulta.com.mx/p/8h-matte-comfort-lipliner-lapiz-labial-larga-duracion-4059729384232-1,2026-09-28
O099,essence,balsamo,What The Fake! Oh My Plump! Plumping Lip Filler,essence::what-the-fake-oh-my-plump-plumping-lip-filler,Ulta Beauty MX,Minorista en México,True,,MXN,100.0,80.0,4.2 ml,,https://www.ulta.com.mx/p/what-the-fake-extreme-plumping-lip-filler-voluminizador-labial-efecto-refrescante-4059729466464,2026-09-28
O100,essence,barra,The Slim Stick Lipstick,essence::the-slim-stick-lipstick,Ulta Beauty MX,Minorista en México,True,,MXN,110.0,88.0,,,https://www.ulta.com.mx/p/the-slim-stick-lapiz-labial-velvet-matte-de-larga-duracion-4059729466549-1,2026-09-28
O101,essence,gloss,Birthday Bomb Shiny Lipgloss,essence::birthday-bomb-shiny-lipgloss,Ulta Beauty MX,Minorista en México,True,,MXN,32.0,25.6,,,https://www.ulta.com.mx/p/birthday-bomb-brillo-labial-ultra-brillante-aroma-pastel-4059729518613,2026-09-28
O102,essence,gloss,Extreme Shine Lipgloss,essence::extreme-shine-lipgloss,Walmart MX,Minorista en México,True,,MXN,96.0,,5 ml,,https://www.walmart.com.mx/c/ftp/essence-labiales-y-tintas,2026-09-28
O103,essence,aceite,Hydra Kiss Lip Oil,essence::hydra-kiss-lip-oil,Walmart MX,Minorista en México,True,,MXN,90.0,,4 ml,,https://www.walmart.com.mx/c/ftp/essence-labiales-y-tintas,2026-09-28
O104,essence,gloss,Extreme Shine Volume Lipgloss,essence::extreme-shine-volume-lipgloss,Walmart MX,Minorista en México,True,,MXN,69.0,,5 ml,,https://www.walmart.com.mx/c/ftp/essence-labiales-y-tintas,2026-09-28
O105,essence,gloss,Aqua Jelly (brillo labial),,Walmart MX,Minorista en México,True,,MXN,65.0,,2.8 g,,https://www.walmart.com.mx/c/ftp/essence-labiales-y-tintas,2026-09-28
O106,essence,gloss,Brillo labial 5 ml,,Walmart MX,Minorista en México,True,,MXN,56.0,,5 ml,,https://www.walmart.com.mx/c/ftp/essence-labiales-y-tintas,2026-09-28
O107,essence,tinte,What A Tint! Lip & Cheek Tint,essence::what-a-tint-lip-cheek-tint,Walmart MX,Minorista en México,True,,MXN,80.0,,4.9 ml,,https://www.walmart.com.mx/c/ftp/essence-labiales-y-tintas,2026-09-28
O108,essence,barra,Ultra Last Instant Colour,,Walmart MX,Vendedor externo o importador,False,Vendedor externo (precio mayor al cuádruple de la marca en minoristas),MXN,527.0,479.0,3.5 g,,https://www.walmart.com.mx/c/ftp/essence-labiales-y-tintas,2026-09-28
O109,Revlon,barra,Super Lustrous Glass Shine Lipstick,,Walmart MX,Minorista en México,True,,MXN,205.0,148.0,3.1 g,,https://www.walmart.com.mx/c/ftp/revlon-labiales-y-tintas,2026-09-28
O110,Revlon,gloss,Photo Ready Instant Plump,,Walmart MX,Minorista en México,True,,MXN,265.0,,7.5 ml,,https://www.walmart.com.mx/c/ftp/revlon-labiales-y-tintas,2026-09-28
O111,Revlon,barra,ColorStay Overtime Lip Color,revlon::colorstay-overtime-lip-color,Walmart MX,Minorista en México,True,,MXN,289.0,,2 ml,,https://www.walmart.com.mx/c/ftp/revlon-labiales-y-tintas,2026-09-28
O112,Revlon,barra,Lápiz labial de textura cremosa,,Ulta Beauty MX,Minorista en México,True,,MXN,219.0,205.0,,,https://www.ulta.com.mx/p/lapiz-labial-textura-suave-cremosa-7501015943182-1,2026-09-28
O113,Revlon,liquido,ColorStay Limitless Matte,revlon::colorstay-limitless-matte-liquid-lipstick,Ulta Beauty MX,Minorista en México,True,,MXN,275.0,255.0,,,https://www.ulta.com.mx/p/labial-liquido-sensacion-ligera-309970215750-1,2026-09-28
O114,Revlon,aceite,Super Lustrous Glimmer Lip Oil,revlon::super-lustrous-glimmer-lip-oil,Ulta Beauty MX,Minorista en México,True,,MXN,239.0,,,,https://www.ulta.com.mx/p/gloss-grande-comodo-lujoso-309970270902-1,2026-09-28
O115,Revlon,gloss,Super Lustrous Glimmer Gloss,revlon::super-lustrous-glimmer-gloss,Ulta Beauty MX,Minorista en México,True,,MXN,239.0,,,,https://www.ulta.com.mx/p/gloss-suaviza-da-volumen-309970174125-1,2026-09-28
O116,Revlon,barra,Super Lustrous High Impact Lipstick,,Walmart MX,Vendedor externo o importador,False,Precio atípico de vendedor externo (más del doble del precio de la marca en minoristas),MXN,449.0,399.0,4.2 g,,https://www.walmart.com.mx/c/ftp/revlon-labiales-y-tintas,2026-09-28
O117,Revlon,gloss,Super Lustrous Lipgloss,,Walmart MX,Vendedor externo o importador,False,Precio atípico de vendedor externo (más del doble del precio de la marca en minoristas),MXN,459.0,,,,https://www.walmart.com.mx/c/ftp/revlon-labiales-y-tintas,2026-09-28
O118,Revlon,barra,Colorburst Lip Butter,,Walmart MX,Vendedor externo o importador,False,Precio atípico de vendedor externo (más del doble del precio de la marca en minoristas),MXN,546.0,509.0,2.55 ml,,https://www.walmart.com.mx/c/ftp/revlon-labiales-y-tintas,2026-09-28
O119,Wet n Wild,barra,Megalast Lipstick,wet-n-wild::mega-last-lip-color,Sally Beauty MX,Minorista en México,True,,MXN,98.0,,,,https://www.sallymexico.com/wet-n-wild-megalast-3232/p,2026-09-28
O120,Wet n Wild,liquido,Megalast Liquid Catsuit,wet-n-wild::megalast-liquid-catsuit-high-shine-lipstick,Sally Beauty MX,Minorista en México,True,,MXN,139.0,,,,https://www.sallymexico.com/labial-liquido-megalast-wet-n-wild-3202/p,2026-09-28
O121,Wet n Wild,barra,Soft Blur Matte Lipstick,wet-n-wild::soft-blur-matte-lipstick,Sally Beauty MX,Minorista en México,True,,MXN,172.0,103.2,,,https://www.sallymexico.com/maquillaje/labios/lapiz-labial,2026-09-28
O122,Wet n Wild,liquido,Mega Inky Lip Color,wet-n-wild::mega-inky-lip-color-bare-intentions,Sally Beauty MX,Minorista en México,True,,MXN,225.0,,,,https://www.sallymexico.com/maquillaje/labios/lapiz-labial,2026-09-28
O123,Wet n Wild,barra,Megalast Lip Color (vendedor externo),,Walmart MX,Vendedor externo o importador,False,Precio atípico de vendedor externo (triple del precio en minoristas),MXN,300.0,,,,https://www.walmart.com.mx/ip/labial-megalast-wet-n-wild/00007780259012,2026-09-28
O124,Milani,gloss,Supercharged Cheek + Lip Multistick,milani::supercharged-cheek-and-lip-multistick,Ulta Beauty MX,Minorista en México,True,,MXN,290.0,,,mexico,https://www.ulta.com.mx/p/supercharged-multistick-para-mejillas-labios-color-versatil-nutritivo-para-mejillas-labios-717489395007-1,2026-09-28
O125,Milani,gloss,Supercharged Cheek + Lip Multistick (precio EE. UU.),,Milani EE. UU.,Precio oficial en EE. UU. (convertido),False,Referencia para el diferencial México/EE. UU. de la marca,USD,9.99,,,estados_unidos,https://www.milanicosmetics.com/collections/lipstick,2026-09-28
O126,Milani,tinte,Color Fetish Hydrating Lip Stain,milani::color-fetish-hydrating-lip-stain,Milani EE. UU.,Precio oficial en EE. UU. (convertido),True,,USD,14.99,,,,https://www.milanicosmetics.com/collections/lipstick,2026-09-28
O127,Milani,barra,Color Fetish Matte Lipstick,milani::color-fetish-matte-lipstick,Milani EE. UU.,Precio oficial en EE. UU. (convertido),True,,USD,11.99,,,,https://www.milanicosmetics.com/collections/lipstick,2026-09-28
O128,Milani,barra,Color Statement Lipstick,milani::color-statement-lipstick,Milani EE. UU.,Precio oficial en EE. UU. (convertido),True,,USD,7.49,,,,https://www.milanicosmetics.com/collections/lipstick,2026-09-28
O129,Milani,delineador,Stay Put Matte Lip Crayon,milani::stay-put-matte-lip-crayon,Milani EE. UU.,Precio oficial en EE. UU. (convertido),True,,USD,9.99,,,,https://www.milanicosmetics.com/collections/lipstick,2026-09-28
O130,Milani,liquido,Stay Put Liquid Lip Longwear Lipstick,milani::stay-put-liquid-lip-longwear-lipstick,Milani EE. UU.,Precio oficial en EE. UU. (convertido),True,,USD,13.49,,,,https://www.milanicosmetics.com/collections/lipstick,2026-09-28
O131,Milani,barra,Color Fetish Balm Lipstick,milani::color-fetish-balm-lipstick,Milani EE. UU.,Precio oficial en EE. UU. (convertido),True,,USD,10.99,,,,https://www.milanicosmetics.com/collections/lipstick,2026-09-28
O132,Milani,liquido,Amore Satin Matte Lip Crème,milani::amore-satin-matte-lip-cream,Milani EE. UU.,Precio oficial en EE. UU. (convertido),True,,USD,11.99,,,,https://www.milanicosmetics.com/collections/lipstick,2026-09-28
O133,Catrice,balsamo,Peptide Bliss Glossy Lip Balm,catrice::peptide-bliss-glossy-lip-balm,Catrice EE. UU.,Precio oficial en EE. UU. (convertido),True,,USD,8.0,,,,https://www.catricecosmetics.com/collections/lip,2026-09-28
O134,Catrice,gloss,Filler Supreme Lip Gloss,catrice::filler-supreme-lip-gloss,Catrice EE. UU.,Precio oficial en EE. UU. (convertido),True,,USD,7.0,,,,https://www.catricecosmetics.com/collections/lip,2026-09-28
O135,Catrice,delineador,Gel Glide Long-Lasting Lip Liner,catrice::gel-glide-long-lasting-lip-liner,Catrice EE. UU.,Precio oficial en EE. UU. (convertido),True,,USD,6.0,,,,https://www.catricecosmetics.com/collections/lip,2026-09-28
O136,Catrice,gloss,Gloss Obsessed Lip Glaze,catrice::gloss-obsessed-lip-glaze,Catrice EE. UU.,Precio oficial en EE. UU. (convertido),True,,USD,7.0,4.0,,,https://www.catricecosmetics.com/collections/lip,2026-09-28
O137,Catrice,aceite,Colour Cushion Juicy Lip Oil,catrice::colour-cushion-juicy-lip-oil,Catrice EE. UU.,Precio oficial en EE. UU. (convertido),True,,USD,8.0,,,,https://www.catricecosmetics.com/collections/lip,2026-09-28
O138,Catrice,aceite,Glossin' Glow Tinted Lip Oil,catrice::glossin-glow-tinted-lip-oil,Catrice EE. UU.,Precio oficial en EE. UU. (convertido),True,,USD,6.0,3.0,,,https://www.catricecosmetics.com/collections/lip,2026-09-28
O139,Catrice,balsamo,Care In Colours Lip Balm,catrice::care-in-colours-lip-balm-half-baked-cookies|catrice::care-in-colours-lip-balm-everyday|catrice::care-in-colours-lip-balm-girlboss,Catrice EE. UU.,Precio oficial en EE. UU. (convertido),True,,USD,6.0,3.0,,,https://www.catricecosmetics.com/collections/lip,2026-09-28
O140,Catrice,balsamo,Glam In Gold Glow Lip Balm,catrice::glam-in-gold-glow-lip-balm,Catrice EE. UU.,Precio oficial en EE. UU. (convertido),True,,USD,6.0,4.0,,,https://www.catricecosmetics.com/collections/lip,2026-09-28
O141,Catrice,delineador,Plumping Lip Liner,catrice::plumping-lip-liner,Catrice EE. UU.,Precio oficial en EE. UU. (convertido),True,,USD,5.0,,,,https://www.catricecosmetics.com/collections/lip,2026-09-28
O142,Catrice,gloss,Diamond Glaze Lip Gloss,catrice::diamond-glaze-lip-gloss,Catrice EE. UU.,Precio oficial en EE. UU. (convertido),True,,USD,7.0,,,,https://www.catricecosmetics.com/collections/lip,2026-09-28
O143,Catrice,delineador,Gel Glide Long-Lasting Lip Liner,catrice::gel-glide-long-lasting-lip-liner,Care to Beauty MX,Tienda en línea con envío a México,True,,MXN,56.63,50.97,1.5 g,,https://www.caretobeauty.com/mx/catrice-gel-glide-long-lasting-lip-liner-040-latte-lines-1-5g/,2026-09-28
O144,Catrice,delineador,Plumping Lip Liner,catrice::plumping-lip-liner,Care to Beauty MX,Tienda en línea con envío a México,True,,MXN,60.57,54.51,0.35 g,,https://www.caretobeauty.com/mx/en/catrice-plumping-lip-liner-110-stay-seductive-0-35g/,2026-09-28
O145,Catrice,barra,Barra multiusos Coral Cutie (vendedor externo),,Walmart MX,Vendedor externo o importador,False,Precio atípico de vendedor externo,MXN,463.0,429.0,,,https://www.walmart.com.mx/browse/catrice/YnJhbmQ6Q2F0cmljZQieie,2026-09-28
O146,Revolution,gloss,Pout Bomb Plumping Gloss,revolution::pout-bomb-plumping-gloss,Ulta Beauty EE. UU.,Precio oficial en EE. UU. (convertido),True,,USD,8.0,,,,https://www.ulta.com/p/pout-bomb-plumping-gloss-pimprod2009999,2026-09-28
O147,Revolution,gloss,Juicy Pout Lip Gloss,revolution::juicy-pout-lip-gloss-grapefruit,Care to Beauty MX,Tienda en línea con envío a México,True,,MXN,208.13,124.88,4.6 ml,,https://www.caretobeauty.com/mx/en/makeup-revolution-juicy-pout-lip-gloss/,2026-09-28
O148,Revolution,barra,Lip Allure Soft Satin Lipstick (importación),,Walmart MX,Vendedor externo o importador,False,Vendedor externo de importación (Nocnoc),MXN,489.0,,3.2 g,,https://www.walmart.com.mx/ip/productos/00505756665943,2026-09-28
O149,KIKO Milano,barra,Smart Fusion Lipstick,kiko::smart-fusion-lipstick,KIKO EE. UU.,Precio oficial en EE. UU. (convertido),True,,USD,8.0,,3 ml,,https://us.kikocosmetics.com/products/smart-fusion-lipstick-401-401-km000000660401b,2026-09-28
O150,KIKO Milano,gloss,3D Hydra Lipgloss,kiko::3d-hydra-lipgloss,KIKO EE. UU.,Precio oficial en EE. UU. (convertido),True,,USD,14.0,,,,https://us.kikocosmetics.com/products/smart-fusion-lipstick-401-401-km000000660401b,2026-09-28
O151,KIKO Milano,liquido,Unlimited Double Touch,kiko::make-up-double-touch-lipstick,KIKO EE. UU.,Precio oficial en EE. UU. (convertido),True,,USD,18.0,,,,https://us.kikocosmetics.com/products/smart-fusion-lipstick-401-401-km000000660401b,2026-09-28
O152,KIKO Milano,delineador,Creamy Colour Comfort Lip Liner,kiko::creamy-colour-comfort-lip-liner,KIKO EE. UU.,Precio oficial en EE. UU. (convertido),True,,USD,13.0,,,,https://us.kikocosmetics.com/products/smart-fusion-lipstick-401-401-km000000660401b,2026-09-28
O153,KIKO Milano,barra,Velvet Passion Matte Lipstick (importación),,Walmart MX,Vendedor externo o importador,False,Importador; KIKO Milano sin distribución oficial amplia en México,MXN,718.0,649.0,,,https://www.walmart.com.mx/c/ftp/kiko-milano-labiales-y-tintas,2026-09-28
O154,KIKO Milano,liquido,Unlimited Double Touch (importación),,Walmart MX,Vendedor externo o importador,False,Importador; KIKO Milano sin distribución oficial amplia en México,MXN,809.0,,,,https://www.walmart.com.mx/c/ftp/kiko-milano-labiales-y-tintas,2026-09-28
O155,KIKO Milano,delineador,Smart Fusion Creamy (importación),,Walmart MX,Vendedor externo o importador,False,Importador; KIKO Milano sin distribución oficial amplia en México,MXN,622.0,569.0,,,https://www.walmart.com.mx/c/ftp/kiko-milano-labiales-y-tintas,2026-09-28
O156,KIKO Milano,gloss,3D Hydra Lipgloss (importación),,Glowbox MX,Vendedor externo o importador,False,Importador; KIKO Milano sin distribución oficial amplia en México,MXN,699.0,559.0,6.5 ml,,https://glowbox.com.mx/collections/kiko-milano,2026-09-28
