conjunto,id_par,decision,marca_lujo,linea_lujo_declarada,candidato_lujo_final,marca_dupe,linea_dupe_declarada,candidato_dupe_final,justificacion
primario,P001,aceptar,Benefit,Benetint,Benetint Liquid Lip & Cheek Stain,elf,Glossy Lip Stain,Glossy Lip Stain,El ancla de lujo enlazo a un producto distinto (Benefit Love Tint); se corrige al nombre exacto de catalogo. El dupe ya era correcto.
primario,P002,aceptar,Benefit,Benetint,Benetint Liquid Lip & Cheek Stain,essence,What A Tint!,What A Tint! Lip & Cheek Tint,Misma correccion del ancla que P001. El candidato dupe ya identificado por el enlace difuso queda confirmado.
primario,P003,aceptar,Charlotte Tilbury,Lip Cheat,Lip Cheat Liner,L’Oreal,Colour Riche Lip Liner,Color Riche Le Lip Liner,El ancla ya era correcta. El dupe existe en catalogo con la grafia Color Riche Le Lip Liner.
primario,P004,aceptar,Charlotte Tilbury,Lip Cheat,Lip Cheat Liner,maybelline,Color Sensational Shaping Lip Liner,Colorsensational Lip Liner,Ambos lados ya resueltos por el enlace difuso (0.75 y 0.826); se confirma sin cambios.
primario,P010,aceptar,Charlotte Tilbury,Matte Revolution,Matte Revolution Lipstick,KIKO Milano,Smart Fusion Lipstick,Smart Fusion Lipstick,"Coincidencia exacta en catalogo, ausente del resultado automatico por el colapso a producto base."
primario,P011,aceptar,Charlotte Tilbury,Matte Revolution,Matte Revolution Lipstick,L’Oreal,Color Riche Intense Volume Matte,Color Riche Intense Volume Matte Slim Lipstick,La linea existe en catalogo con el sufijo Slim Lipstick.
primario,P012,aceptar,Charlotte Tilbury,Matte Revolution,Matte Revolution Lipstick,L’Oreal,Color Riche Satin Lipstick,Color Riche Satin Lipstick,Coincidencia exacta disponible en catalogo.
primario,P014,descartar,Charlotte Tilbury,Matte Revolution,Matte Revolution Lipstick,Milani,Precision Glide Lip Liner,,La linea Precision Glide no existe en el catalogo y el par cruza formatos no comparables (barra mate contra delineador).
primario,P015,aceptar,Charlotte Tilbury,Matte Revolution,Matte Revolution Lipstick,nyx,Lip Lingerie,Lip Lingerie XXL Matte Liquid Lipstick,"El enlace automatico eligio un gloss transparente sin pigmento (Lip Lingerie Gloss - Clear), incompatible con un labial mate pigmentado. Se corrige a la version XXL Matte."
primario,P023,aceptar,Dior,Lip Glow Color Reviver Balm,Lip Glow Oil,catrice,Power Full 5 Glossy Lip Oil,Power Full 5 Glossy Lip Oil - 020 Cherry Blossom Glow,Ambos lados ya resueltos por el enlace difuso (0.667 y 0.92); se confirma sin cambios.
primario,P028,aceptar,Fenty Beauty,Slip Shine Sheer Shiny Lipstick,Slip Shine Sheer Shiny Lipstick,Maybelline,Color Sensational Shine,Color Sensational Lipstick,"El enlace automático apuntaba a Colorsensational Lip Liner, un delineador que ya funge como alternativa confirmada del par P004. Maybelline no tiene una línea Color Sensational Shine en el catálogo; la barra Color Sensational Lipstick es el producto que describe la publicación."
primario,P030,descartar,MAC,Lustreglass Sheer-Shine Lipstick,Lustreglass Sheer-shine Lipstick,catrice,Shine Bomb Lipstick,,"La linea declarada no existe en el catalogo. Existe Shine Bomb Lip Lacquer Longlasting, misma familia comercial pero formato liquido contra barra; se descarta para preservar congruencia de formato ya que P032 cubre la misma ancla con un dupe congruente."
primario,P032,aceptar,MAC,Lustreglass Sheer-Shine Lipstick,Lustreglass Sheer-shine Lipstick,KIKO Milano,Smart Fusion Lipstick,Smart Fusion Lipstick,Coincidencia exacta disponible en catalogo.
primario,P033,aceptar,MAC,Lustreglass Sheer-Shine Lipstick,Lustreglass Sheer-shine Lipstick,L’Oreal,Colour Riche Lipcolour,Colour Riche Satin Lipstick,"La grafia declarada no existe. El catalogo contiene una entrada separada Colour Riche Satin Lipstick (grafia britanica), distinta de Color Riche Satin Lipstick usada en P012; se enlaza a la entrada correspondiente por acabado satinado comparable."
primario,P035,aceptar,MAC,LABIAL MACXIMAL SILKY MATTE,M·a·cximal Silky Matte Lipstick,Maybelline,Color Sensational Ultimatte Labial ultrafino,Color Sensational Ultimatte Neo-Neutrals Slim Lipstick,Ambos lados ya resueltos por el enlace difuso (0.952 y 0.771); se confirma sin cambios.
primario,P040,aceptar,Too Faced,Lip Injection Maximum Plump,Lip Injection Extreme Lip Plumper,essence,What The Fake! Plumping Lip Filler,What The Fake! Oh My Plump! Plumping Lip Filler.,Ambos lados ya resueltos por el enlace difuso (0.75 y 0.806); se confirma sin cambios.
secundario_temptalia,P01,aceptar,mac,Lipstick,Retro Matte Lipstick in Ruby Woo,maybelline,ColorSensational Lipcolor,Color Sensational Lipstick,"El ancla generica Lipstick se sustituye por la linea real (Retro Matte, tono Ruby Woo). El enlace automatico del dupe habia tomado Colorsensational Lip Liner, un delineador, incompatible con la linea de labial declarada; se corrige a Color Sensational Lipstick."
secundario_temptalia,P02,descartar,mac,Lipstick,Retro Matte Lipstick in Ruby Woo,maybelline,Color Sensational Creamy Matte Lip Color,,La hoja revision_tabla_previa de la extraccion de Temptalia ya documenta que la linea Creamy Matte no aparece en el catalogo.
secundario_temptalia,P03,descartar,mac,Lipstick,Retro Matte Lipstick in Ruby Woo,maybelline,Color Sensational Made for All Lipstick,,La linea Made for All no existe en el catalogo extraido.
secundario_temptalia,P04,aceptar,mac,Lipstick,Velvet Teddy Lipstick,loreal,Colour Riche Intense Volume Matte Lipstick,Color Riche Intense Volume Matte Slim Lipstick,El tono Velvet Teddy tiene entrada propia en catalogo. El dupe existe con la grafia Color Riche y el sufijo Slim Lipstick.
secundario_temptalia,P06,descartar,charlotte-tilbury,Matte Revolution Lipstick,Matte Revolution Lipstick,nyx,Por confirmar,,La fuente no declara la linea del dupe. El par gemelo P05 con la misma linea NYX Matte Lipstick ya fue clasificado no enlazable por ausencia en catalogo.
secundario_temptalia,P07,descartar,mac,Lipstick,Retro Matte Lipstick in Ruby Woo,nyx,Por confirmar,,La fuente no declara la linea del dupe y NYX Matte Lipstick no existe en el catalogo.
secundario_temptalia,P08,descartar,mac,Lipstick,Retro Matte Lipstick in Ruby Woo,maybelline,Por confirmar,,"La fuente solo declara el tono (Siren in Scarlet), sin linea confirmada del dupe."
secundario_temptalia,P09,descartar,nars,Powermatte Lipstick,,revlon,ColorStay Suede Ink Lipstick,ColorStay Suede Ink™ Lipstick,NARS fue retirada del alcance del proyecto por cobertura insuficiente segun cobertura_marcas.csv; el ancla no puede existir en el catalogo.
secundario_temptalia,P10,descartar,nars,Por confirmar,,revlon,ColorStay Suede Ink Lipstick,ColorStay Suede Ink™ Lipstick,Marca de lujo fuera del catalogo por decision de cobertura.
secundario_temptalia,P11,descartar,nars,Por confirmar,,revlon,ColorStay Suede Ink Lipstick,ColorStay Suede Ink™ Lipstick,Marca de lujo fuera del catalogo por decision de cobertura.
secundario_temptalia,P12,descartar,nars,Por confirmar,,revlon,Por confirmar,,Marca de lujo fuera del catalogo y linea del dupe no declarada por la fuente.
secundario_temptalia,P13,descartar,nars,Por confirmar,,revlon,Por confirmar,,Marca de lujo fuera del catalogo y linea del dupe no declarada por la fuente.
